game_id,play_id,nfl_id,player_name,position,player_side,is_target,x_start,y_start,x_mid,y_mid,s_mid,dir_mid,o_mid,dx_start_mid,dy_start_mid,dx_mid_end,dy_mid_end
2023090700,101,43290,Jared Goff,QB,Offense,0,37.36,30.07,36.03,30.14,2.05,271.58,161.09,-1.33,0.07,-0.62,-0.15
2023090700,101,44930,Josh Reynolds,WR,Offense,1,41.03,12.17,43.95,13.38,5.76,70.45,77.24,2.92,1.21,8.48,0.76
2023090700,101,46137,Justin Reid,SS,Defense,0,51.32,20.69,52.48,20.38,1.95,117.22,261.76,1.16,-0.31,3.34,-2.71
2023090700,101,52546,L'Jarius Sneed,CB,Defense,0,44.42,11.69,46.17,12.66,3.03,63.42,287.25,1.75,0.97,1.84,-0.22
2023090700,101,53487,Nick Bolton,MLB,Defense,0,44.56,27.66,45.58,26.61,3.21,146.96,192.07,1.02,-1.05,3.6,-4.61
2023090700,101,53541,Amon-Ra St. Brown,WR,Offense,0,40.61,19.12,43.26,18.69,4.8,106.77,98.63,2.65,-0.43,3.59,-5.38
2023090700,101,53959,Brock Wright,TE,Offense,0,40.91,35.14,43.89,36.17,5.51,73.96,86.89,2.98,1.03,6.71,0.26
2023090700,101,54486,Trent McDuffie,CB,Defense,0,43.61,39.42,44.82,40.5,2.72,61.68,158.31,1.21,1.08,4.76,1.46
2023090700,101,54527,Bryan Cook,FS,Defense,0,52.33,36.94,53.56,36.75,2.35,96.14,239.0,1.23,-0.19,3.67,-1.16
2023090700,194,41325,Jerick McKinnon,RB,Offense,1,93.33,27.85,93.98,27.18,2.14,179.87,225.08,0.65,-0.67,-5.0,-4.95
2023090700,194,44822,Patrick Mahomes,QB,Offense,0,93.76,30.15,96.28,29.67,2.53,91.11,344.78,2.52,-0.48,1.34,0.0
2023090700,194,44888,Alex Anzalone,OLB,Defense,0,84.92,32.43,85.28,32.14,0.35,144.99,80.4,0.36,-0.29,0.07,-0.91
2023090700,194,44906,Cameron Sutton,CB,Defense,0,86.76,43.71,84.01,41.58,4.19,247.05,184.53,-2.75,-2.13,-7.31,-0.7
2023090700,194,46213,Justin Watson,WR,Offense,0,90.55,14.39,86.78,15.67,6.14,288.53,254.64,-3.77,1.28,-8.89,2.71
2023090700,194,46243,Marquez Valdes-Scantling,WR,Offense,0,89.99,41.86,85.7,40.15,4.69,248.2,167.11,-4.29,-1.71,-1.8,0.3
2023090700,194,47888,C.J. Gardner-Johnson,SS,Defense,0,85.64,39.3,84.15,38.16,1.76,334.22,73.58,-1.49,-1.14,-0.63,2.66
2023090700,194,53591,Noah Gray,TE,Offense,0,89.82,21.78,85.36,23.21,5.82,294.47,266.06,-4.46,1.43,-7.54,5.0
2023090700,194,53953,Jerry Jacobs,CB,Defense,0,88.19,13.97,85.58,14.74,5.02,296.36,20.14,-2.61,0.77,-8.48,3.42
2023090700,194,54519,Skyy Moore,WR,Offense,0,91.49,39.53,87.29,39.28,5.34,297.14,291.27,-4.2,-0.25,-9.39,5.76
2023090700,194,54562,Kerby Joseph,FS,Defense,0,74.12,27.21,70.7,27.8,3.29,301.16,73.37,-3.42,0.59,-4.01,5.84
2023090700,194,54653,Malcolm Rodriguez,ILB,Defense,0,85.76,29.14,90.18,28.06,4.67,112.97,99.92,4.42,-1.08,0.61,-5.31
2023090700,194,55910,Brian Branch,SS,Defense,0,86.7,21.16,84.74,22.43,4.68,302.93,15.3,-1.96,1.27,-7.19,5.06
2023090700,219,44822,Patrick Mahomes,QB,Offense,0,83.6,23.79,84.27,23.63,2.21,103.09,268.01,0.67,-0.16,1.6,-0.66
2023090700,219,44888,Alex Anzalone,OLB,Defense,0,74.58,18.02,74.52,17.9,0.76,217.79,103.49,-0.06,-0.12,-1.49,-1.12
2023090700,219,44906,Cameron Sutton,CB,Defense,0,74.49,44.01,73.95,44.06,1.61,273.36,173.84,-0.54,0.05,-2.56,-0.08
2023090700,219,46243,Marquez Valdes-Scantling,WR,Offense,0,79.91,15.74,78.58,15.65,3.92,263.89,262.25,-1.33,-0.09,-4.71,-0.61
2023090700,219,46309,Richie James,WR,Offense,0,80.48,43.49,79.43,43.52,3.17,271.55,250.63,-1.05,0.03,-4.18,-0.07
2023090700,219,47888,C.J. Gardner-Johnson,SS,Defense,0,66.25,33.69,66.05,33.66,0.62,263.56,91.07,-0.2,-0.03,-1.56,-0.47
2023090700,219,52440,Clyde Edwards-Helaire,RB,Offense,0,83.56,26.32,83.38,26.41,0.73,295.41,281.74,-0.18,0.09,-1.38,0.74
2023090700,219,53542,Derrick Barnes,MLB,Defense,0,74.39,24.0,74.51,23.86,0.77,143.33,82.74,0.12,-0.14,-0.27,-0.14
2023090700,219,53591,Noah Gray,TE,Offense,1,80.57,10.65,79.43,10.43,3.47,260.74,270.41,-1.14,-0.22,-3.45,-0.21
2023090700,219,53953,Jerry Jacobs,CB,Defense,0,73.94,10.25,73.4,9.94,1.95,247.23,7.72,-0.54,-0.31,-2.23,-0.69
2023090700,219,54519,Skyy Moore,WR,Offense,0,80.03,34.98,79.24,34.48,3.26,239.44,268.22,-0.79,-0.5,-3.96,-1.6
2023090700,219,54562,Kerby Joseph,FS,Defense,0,68.51,16.8,68.3,16.69,0.83,252.05,103.59,-0.21,-0.11,-1.74,-0.37
2023090700,219,55910,Brian Branch,SS,Defense,0,75.86,33.6,76.02,32.74,1.49,177.64,93.82,0.16,-0.86,-0.76,-1.01
2023090700,361,38696,Marvin Jones,WR,Offense,1,20.65,37.9,28.81,45.97,6.45,55.32,104.24,8.16,8.07,5.38,2.36
2023090700,361,43290,Jared Goff,QB,Offense,0,17.06,30.09,13.66,29.04,2.24,198.92,160.09,-3.4,-1.05,-6.03,-3.3
2023090700,361,43584,Kalif Raymond,WR,Offense,0,20.3,20.73,33.32,23.19,8.74,74.62,59.21,13.02,2.46,17.9,-0.93
2023090700,361,46137,Justin Reid,SS,Defense,0,33.39,35.12,33.28,43.91,4.97,21.49,318.87,-0.11,8.79,2.38,2.81
2023090700,361,47882,Mike Edwards,FS,Defense,0,27.56,29.63,32.3,26.82,2.92,118.76,213.97,4.74,-2.81,-0.56,3.47
2023090700,361,52546,L'Jarius Sneed,CB,Defense,0,27.27,16.24,35.29,11.67,5.38,98.43,41.81,8.02,-4.57,9.18,0.52
2023090700,361,53541,Amon-Ra St. Brown,WR,Offense,0,19.03,26.17,29.76,18.88,5.81,46.36,24.98,10.73,-7.29,1.39,16.49
2023090700,361,54486,Trent McDuffie,CB,Defense,0,29.46,22.57,39.74,22.97,5.55,81.44,269.63,10.28,0.4,12.76,1.0
2023090700,361,54495,George Karlaftis,DE,Defense,0,22.51,26.07,26.28,20.88,3.03,158.13,277.9,3.77,-5.19,-0.78,-7.64
2023090700,361,54527,Bryan Cook,FS,Defense,0,35.36,26.64,38.96,32.28,4.3,65.2,192.65,3.6,5.64,11.52,2.22
2023090700,361,55899,Sam LaPorta,TE,Offense,0,20.97,24.58,25.22,21.63,2.06,150.36,333.96,4.25,-2.95,-0.97,-10.06
2023090700,436,38696,Marvin Jones,WR,Offense,0,30.01,38.18,32.63,38.91,5.29,74.5,66.83,2.62,0.73,5.63,1.37
2023090700,436,43290,Jared Goff,QB,Offense,0,26.28,29.68,25.32,29.77,2.32,273.4,108.37,-0.96,0.09,-1.54,0.11
2023090700,436,44930,Josh Reynolds,WR,Offense,0,30.1,20.18,32.38,19.98,4.37,96.45,79.87,2.28,-0.2,2.98,-1.86
2023090700,436,46137,Justin Reid,SS,Defense,0,35.04,36.78,35.29,37.61,2.14,19.29,281.82,0.25,0.83,0.86,1.64
2023090700,436,52546,L'Jarius Sneed,CB,Defense,0,31.95,10.17,32.44,9.92,2.41,126.21,234.44,0.49,-0.25,3.44,-2.02
2023090700,436,53487,Nick Bolton,MLB,Defense,0,33.99,28.43,33.38,28.16,1.24,254.55,257.57,-0.61,-0.27,-1.74,0.94
2023090700,436,53541,Amon-Ra St. Brown,WR,Offense,1,29.46,35.92,30.55,36.83,3.78,50.74,69.21,1.09,0.91,3.12,0.97
2023090700,436,54486,Trent McDuffie,CB,Defense,0,37.14,19.35,37.88,19.12,1.59,117.05,256.34,0.74,-0.23,1.03,-2.15
2023090700,436,54527,Bryan Cook,FS,Defense,0,50.14,26.61,51.68,27.8,1.94,58.41,260.77,1.54,1.19,1.27,1.85
2023090700,436,54600,Joshua Williams,CB,Defense,0,38.42,41.71,39.98,42.1,2.18,74.74,224.71,1.56,0.39,2.9,0.55
2023090700,436,55899,Sam LaPorta,TE,Offense,0,29.15,10.35,30.66,9.63,4.33,117.59,90.11,1.51,-0.72,4.84,-2.5
2023090700,461,43290,Jared Goff,QB,Offense,0,42.37,27.27,39.97,28.27,4.11,293.86,264.92,-2.4,1.0,-2.31,0.67
2023090700,461,44930,Josh Reynolds,WR,Offense,1,42.87,16.52,44.99,15.59,5.37,113.79,82.25,2.12,-0.93,6.83,-1.61
2023090700,461,46137,Justin Reid,SS,Defense,0,54.81,21.29,55.16,19.47,2.77,145.08,278.87,0.35,-1.82,3.39,-2.42
2023090700,461,47856,David Montgomery,RB,Offense,0,36.31,27.19,37.72,29.32,4.76,29.83,80.57,1.41,2.13,0.92,6.07
2023090700,461,52471,Willie Gay Jr.,ILB,Defense,0,46.9,22.91,46.76,23.31,0.92,318.14,262.5,-0.14,0.4,-0.79,-2.06
2023090700,461,52546,L'Jarius Sneed,CB,Defense,0,44.92,15.41,47.44,13.06,3.62,134.49,7.23,2.52,-2.35,2.48,-2.46
2023090700,461,53487,Nick Bolton,MLB,Defense,0,47.98,27.12,47.3,28.34,2.01,328.45,266.33,-0.68,1.22,0.58,-0.43
2023090700,461,53541,Amon-Ra St. Brown,WR,Offense,0,42.95,34.29,45.97,33.57,5.78,108.94,101.76,3.02,-0.72,6.95,-3.89
2023090700,461,54486,Trent McDuffie,CB,Defense,0,47.37,39.0,47.84,38.21,1.45,87.14,199.31,0.47,-0.79,4.38,-0.42
2023090700,461,54527,Bryan Cook,FS,Defense,0,58.68,33.87,59.85,32.17,2.78,134.85,255.26,1.17,-1.7,2.28,-3.83
2023090700,461,55876,Jahmyr Gibbs,RB,Offense,0,40.67,31.03,40.19,22.61,7.91,182.72,149.05,-0.48,-8.42,0.12,-8.35
2023090700,461,55899,Sam LaPorta,TE,Offense,0,42.02,32.13,41.23,29.88,4.76,202.68,162.15,-0.79,-2.25,-2.39,-3.26
2023090700,461,55984,Chamarri Conner,SS,Defense,0,45.15,33.08,45.83,32.06,0.87,314.69,275.68,0.68,-1.02,-0.01,2.38
2023090700,530,43290,Jared Goff,QB,Offense,0,81.39,30.1,80.51,30.03,2.17,263.57,105.68,-0.88,-0.07,-1.2,-0.47
2023090700,530,44930,Josh Reynolds,WR,Offense,0,85.14,37.41,86.81,37.22,3.92,94.92,89.58,1.67,-0.19,3.12,1.22
2023090700,530,46137,Justin Reid,SS,Defense,0,97.49,35.72,98.09,36.61,2.12,64.21,285.29,0.6,0.89,2.51,1.34
2023090700,530,46424,Jason Cabinda,FB,Offense,0,81.19,32.16,81.07,32.38,1.01,329.93,91.51,-0.12,0.22,-1.46,2.16
2023090700,530,52471,Willie Gay Jr.,ILB,Defense,0,89.95,33.96,90.43,35.64,1.88,24.54,258.33,0.48,1.68,0.42,2.19
2023090700,530,52546,L'Jarius Sneed,CB,Defense,0,88.68,9.69,89.12,9.11,2.06,111.05,299.32,0.44,-0.58,2.17,-0.99
2023090700,530,53487,Nick Bolton,MLB,Defense,0,90.47,28.38,90.43,29.0,1.26,14.27,275.56,-0.04,0.62,1.15,1.06
2023090700,530,53541,Amon-Ra St. Brown,WR,Offense,1,85.06,19.29,86.28,19.04,3.25,103.99,86.05,1.22,-0.25,2.97,-1.82
2023090700,530,54486,Trent McDuffie,CB,Defense,0,87.76,45.05,88.03,45.58,2.08,22.35,289.3,0.27,0.53,1.85,3.03
2023090700,530,54527,Bryan Cook,FS,Defense,0,97.25,19.19,99.32,19.34,3.01,86.95,282.01,2.07,0.15,2.92,-0.45
2023090700,530,54568,Leo Chenal,OLB,Defense,0,90.22,22.93,90.23,22.22,1.71,159.95,254.59,0.01,-0.71,0.77,-2.04
2023090700,530,55876,Jahmyr Gibbs,RB,Offense,0,84.16,44.57,85.65,45.3,4.47,58.76,85.51,1.49,0.73,3.56,3.38
2023090700,530,55899,Sam LaPorta,TE,Offense,0,84.26,10.06,85.28,9.94,3.19,103.31,83.71,1.02,-0.12,4.3,-1.8
2023090700,621,38696,Marvin Jones,WR,Offense,0,100.17,35.0,102.65,37.0,3.89,62.41,46.14,2.48,2.0,5.56,-1.22
2023090700,621,43290,Jared Goff,QB,Offense,0,96.57,23.92,94.5,23.87,2.5,267.06,179.23,-2.07,-0.05,-1.54,-0.16
2023090700,621,44930,Josh Reynolds,WR,Offense,0,99.38,14.27,100.12,16.77,4.62,27.52,44.9,0.74,2.5,4.58,7.41
2023090700,621,46137,Justin Reid,SS,Defense,0,102.35,17.1,103.65,15.29,5.08,139.08,229.34,1.3,-1.81,5.98,-2.43
2023090700,621,47856,David Montgomery,RB,Offense,0,95.81,20.9,97.5,16.22,6.6,155.81,125.21,1.69,-4.68,5.93,-7.81
2023090700,621,47882,Mike Edwards,FS,Defense,0,109.47,20.41,109.02,20.61,0.52,340.83,260.0,-0.45,0.2,-0.6,-0.43
2023090700,621,52546,L'Jarius Sneed,CB,Defense,0,101.22,13.82,100.46,15.84,3.67,28.63,12.12,-0.76,2.02,4.36,7.34
2023090700,621,53487,Nick Bolton,MLB,Defense,0,105.17,20.32,106.08,18.15,3.61,175.11,234.75,0.91,-2.17,0.47,-7.92
2023090700,621,53541,Amon-Ra St. Brown,WR,Offense,1,99.15,35.95,100.87,34.08,4.75,154.28,138.26,1.72,-1.87,2.08,-9.65
2023090700,621,54486,Trent McDuffie,CB,Defense,0,102.04,35.1,103.18,37.17,3.75,47.03,285.1,1.14,2.07,5.61,-0.49
2023090700,621,54527,Bryan Cook,FS,Defense,0,109.03,31.84,107.0,31.68,3.02,244.32,246.1,-2.03,-0.16,-2.78,-6.51
2023090700,621,54600,Joshua Williams,CB,Defense,0,103.95,37.63,104.23,37.34,1.93,150.07,222.58,0.28,-0.29,0.26,-7.39
2023090700,621,55899,Sam LaPorta,TE,Offense,0,100.09,17.0,103.07,14.82,5.08,126.31,110.1,2.98,-2.18,6.51,-1.24
2023090700,713,44822,Patrick Mahomes,QB,Offense,0,87.48,23.89,89.22,23.41,2.85,101.9,280.37,1.74,-0.48,1.76,-0.95
2023090700,713,44888,Alex Anzalone,OLB,Defense,0,78.64,17.6,78.68,16.62,1.97,177.33,112.32,0.04,-0.98,-0.34,-3.48
2023090700,713,44906,Cameron Sutton,CB,Defense,0,75.36,43.05,73.99,42.82,2.81,261.58,80.31,-1.37,-0.23,-4.21,-0.08
2023090700,713,46243,Marquez Valdes-Scantling,WR,Offense,0,84.01,43.7,81.17,43.64,5.47,268.85,267.61,-2.84,-0.06,-7.01,0.35
2023090700,713,46309,Richie James,WR,Offense,0,83.75,15.04,80.92,14.8,5.46,261.62,263.85,-2.83,-0.24,-7.8,-1.16
2023090700,713,47888,C.J. Gardner-Johnson,SS,Defense,0,72.0,19.19,71.8,19.06,0.97,239.78,91.3,-0.2,-0.13,-2.83,-1.13
2023090700,713,53591,Noah Gray,TE,Offense,1,85.27,14.23,83.32,14.2,3.38,259.25,256.68,-1.95,-0.03,-3.96,-2.0
2023090700,713,53953,Jerry Jacobs,CB,Defense,0,77.61,10.61,77.0,10.61,2.35,267.4,47.13,-0.61,0.0,-4.65,-0.17
2023090700,713,54562,Kerby Joseph,FS,Defense,0,72.47,32.92,72.14,33.23,1.2,301.01,78.42,-0.33,0.31,-2.45,1.2
2023090700,713,54716,Isiah Pacheco,RB,Offense,0,87.41,26.15,88.07,27.1,3.72,34.08,296.32,0.66,0.95,2.53,5.71
2023090700,713,55882,Jack Campbell,MLB,Defense,0,78.05,24.55,77.97,24.92,1.3,345.08,89.85,-0.08,0.37,-0.89,4.0
2023090700,713,55910,Brian Branch,SS,Defense,0,79.71,34.31,79.42,34.53,0.97,308.22,84.71,-0.29,0.22,-1.27,2.32
2023090700,713,55920,Rashee Rice,WR,Offense,0,84.38,36.31,82.65,36.35,3.62,271.88,281.43,-1.73,0.04,-3.19,1.51
2023090700,736,41325,Jerick McKinnon,RB,Offense,0,86.49,22.14,87.98,21.11,3.66,143.61,222.98,1.49,-1.03,1.07,-8.19
2023090700,736,44822,Patrick Mahomes,QB,Offense,0,87.51,23.73,90.69,23.05,4.19,89.24,340.15,3.18,-0.68,3.31,0.37
2023090700,736,44888,Alex Anzalone,OLB,Defense,0,78.7,23.44,81.07,22.35,3.96,132.68,125.67,2.37,-1.09,2.43,-7.9
2023090700,736,44906,Cameron Sutton,CB,Defense,0,79.19,40.24,76.27,37.72,2.56,237.09,145.15,-2.92,-2.52,0.2,1.66
2023090700,736,46213,Justin Watson,WR,Offense,1,85.16,34.3,82.5,31.68,5.6,233.8,241.56,-2.66,-2.62,-9.15,1.74
2023090700,736,46243,Marquez Valdes-Scantling,WR,Offense,0,83.95,32.48,80.68,31.53,4.55,268.66,280.61,-3.27,-0.95,-7.55,4.7
2023090700,736,47888,C.J. Gardner-Johnson,SS,Defense,0,72.21,22.47,69.07,23.0,2.63,276.64,75.91,-3.14,0.53,-5.13,2.16
2023090700,736,53591,Noah Gray,TE,Offense,0,83.89,17.37,84.33,18.38,0.07,271.12,299.23,0.44,1.01,-5.5,-0.45
2023090700,736,53953,Jerry Jacobs,CB,Defense,0,81.53,15.72,81.3,16.24,0.7,350.12,52.1,-0.23,0.52,-3.12,1.06
2023090700,736,54519,Skyy Moore,WR,Offense,0,85.16,39.37,82.87,36.34,4.4,247.99,250.6,-2.29,-3.03,-2.55,2.07
2023090700,736,54562,Kerby Joseph,FS,Defense,0,78.95,32.69,78.49,31.66,3.76,206.64,127.6,-0.46,-1.03,-5.35,-2.11
2023090700,736,55910,Brian Branch,SS,Defense,0,82.18,32.59,79.91,31.63,3.7,257.81,109.21,-2.27,-0.96,-7.16,3.78
2023090700,877,44822,Patrick Mahomes,QB,Offense,0,69.72,23.53,64.16,23.32,4.76,284.09,317.4,-5.56,-0.21,-2.52,0.61
2023090700,877,44888,Alex Anzalone,OLB,Defense,0,75.63,20.71,75.28,13.63,5.79,172.72,208.94,-0.35,-7.08,7.51,-8.11
2023090700,877,44906,Cameron Sutton,CB,Defense,0,72.88,11.73,77.9,9.67,5.78,105.84,50.09,5.02,-2.06,10.64,-1.71
2023090700,877,46243,Marquez Valdes-Scantling,WR,Offense,1,69.98,12.14,75.99,13.43,7.38,84.07,100.44,6.01,1.29,10.3,1.59
2023090700,877,47888,C.J. Gardner-Johnson,SS,Defense,0,80.48,18.72,84.03,17.09,3.82,111.97,247.48,3.55,-1.63,7.07,0.09
2023090700,877,53591,Noah Gray,TE,Offense,0,68.12,19.21,71.95,11.16,7.16,134.25,99.54,3.83,-8.05,11.17,-6.4
2023090700,877,53953,Jerry Jacobs,CB,Defense,0,73.26,33.02,73.33,31.22,1.52,162.81,203.0,0.07,-1.8,3.2,1.86
2023090700,877,54562,Kerby Joseph,FS,Defense,0,78.42,29.47,76.65,26.79,2.25,202.37,264.23,-1.77,-2.68,5.21,1.86
2023090700,877,54716,Isiah Pacheco,RB,Offense,0,64.2,23.37,65.23,19.03,5.46,182.47,182.75,1.03,-4.34,0.75,-8.46
2023090700,877,55882,Jack Campbell,MLB,Defense,0,75.84,24.84,74.81,20.91,2.8,165.75,256.24,-1.03,-3.93,3.17,-5.12
2023090700,902,42460,Blake Bell,TE,Offense,0,83.29,30.51,85.73,30.86,4.92,78.99,80.18,2.44,0.35,4.22,5.89
2023090700,902,44822,Patrick Mahomes,QB,Offense,0,80.48,23.59,78.05,23.85,1.59,260.23,168.85,-2.43,0.26,0.16,-0.26
2023090700,902,44888,Alex Anzalone,OLB,Defense,0,89.63,21.04,89.86,21.61,1.18,24.67,276.66,0.23,0.57,0.16,-0.6
2023090700,902,44906,Cameron Sutton,CB,Defense,0,87.2,9.79,90.82,9.81,4.09,73.02,24.88,3.62,0.02,1.24,-1.47
2023090700,902,46243,Marquez Valdes-Scantling,WR,Offense,0,84.31,41.79,87.48,38.69,5.27,131.17,186.44,3.17,-3.1,1.9,-1.87
2023090700,902,47888,C.J. Gardner-Johnson,SS,Defense,0,94.72,21.04,97.33,21.31,2.99,86.6,284.14,2.61,0.27,3.1,0.35
2023090700,902,53449,Kadarius Toney,WR,Offense,0,84.36,10.4,88.23,12.29,4.36,60.32,38.82,3.87,1.89,2.44,-3.23
2023090700,902,53953,Jerry Jacobs,CB,Defense,0,86.44,42.23,89.88,41.16,4.44,119.24,183.92,3.44,-1.07,1.46,-3.19
2023090700,902,54562,Kerby Joseph,FS,Defense,0,89.47,31.22,89.93,31.17,1.48,56.14,261.8,0.46,-0.05,2.77,4.76
2023090700,902,54716,Isiah Pacheco,RB,Offense,0,80.41,26.95,82.15,32.03,6.83,19.99,307.36,1.74,5.08,3.43,9.26
2023090700,902,55882,Jack Campbell,MLB,Defense,0,89.58,25.33,89.07,28.05,5.25,0.11,347.37,-0.51,2.72,2.32,9.35
2023090700,902,55910,Brian Branch,SS,Defense,0,87.49,34.86,89.6,33.48,4.19,127.81,208.44,2.11,-1.38,2.81,-4.92
2023090700,902,55920,Rashee Rice,WR,Offense,1,83.36,33.84,85.75,32.63,3.66,119.87,135.22,2.39,-1.21,3.09,-3.27
2023090700,1001,41325,Jerick McKinnon,RB,Offense,0,104.38,26.83,103.78,34.8,6.89,2.61,92.88,-0.6,7.97,4.05,8.47
2023090700,1001,44822,Patrick Mahomes,QB,Offense,0,104.71,23.6,101.81,23.1,1.85,236.06,170.3,-2.9,-0.5,-2.9,-1.65
2023090700,1001,44834,Charles Harris,DE,Defense,0,109.74,17.71,108.5,12.79,5.58,166.83,230.07,-1.24,-4.92,2.84,-8.78
2023090700,1001,44888,Alex Anzalone,OLB,Defense,0,112.61,23.7,111.93,27.5,3.14,33.07,290.51,-0.68,3.8,2.13,-0.92
2023090700,1001,44906,Cameron Sutton,CB,Defense,0,110.31,14.74,112.79,16.05,1.43,62.82,355.32,2.48,1.31,-1.39,-3.09
2023090700,1001,46243,Marquez Valdes-Scantling,WR,Offense,0,108.18,15.87,112.69,16.99,1.37,66.7,290.9,4.51,1.12,-1.59,-3.67
2023090700,1001,46309,Richie James,WR,Offense,0,108.55,32.45,113.24,31.51,2.92,137.87,93.62,4.69,-0.94,1.28,-4.86
2023090700,1001,47888,C.J. Gardner-Johnson,SS,Defense,0,113.0,28.2,113.96,30.43,0.8,37.7,313.43,0.96,2.23,0.83,-2.13
2023090700,1001,53591,Noah Gray,TE,Offense,0,107.15,19.01,108.16,12.26,6.23,164.11,229.65,1.01,-6.75,3.56,-8.8
2023090700,1001,53953,Jerry Jacobs,CB,Defense,0,110.55,33.47,113.54,32.14,3.62,127.92,216.99,2.99,-1.33,1.87,-4.73
2023090700,1001,54562,Kerby Joseph,FS,Defense,0,112.39,19.44,112.67,18.5,0.45,168.1,232.4,0.28,-0.94,-0.53,-1.03
2023090700,1001,55910,Brian Branch,SS,Defense,0,110.3,30.72,110.84,34.62,4.53,359.18,306.66,0.54,3.9,0.43,7.9
2023090700,1001,55920,Rashee Rice,WR,Offense,1,107.49,29.95,112.3,32.62,4.53,74.25,104.85,4.81,2.67,5.27,2.22
2023090700,1069,43290,Jared Goff,QB,Offense,0,86.79,29.69,90.39,30.11,3.19,77.74,293.04,3.6,0.42,1.43,-0.53
2023090700,1069,44930,Josh Reynolds,WR,Offense,0,85.99,18.74,82.99,16.49,5.68,236.26,242.84,-3.0,-2.25,-7.23,-2.25
2023090700,1069,46137,Justin Reid,SS,Defense,0,80.74,18.62,82.42,17.16,2.89,215.78,127.97,1.68,-1.46,-5.73,-4.68
2023090700,1069,52471,Willie Gay Jr.,ILB,Defense,0,81.56,23.3,83.1,21.84,2.52,156.37,98.01,1.54,-1.46,-1.64,-3.51
2023090700,1069,52546,L'Jarius Sneed,CB,Defense,0,83.92,37.73,83.1,38.15,2.6,299.42,163.72,-0.82,0.42,-4.4,1.97
2023090700,1069,53487,Nick Bolton,MLB,Defense,0,81.38,26.81,80.96,26.39,2.26,247.16,133.23,-0.42,-0.42,-4.77,-0.49
2023090700,1069,53541,Amon-Ra St. Brown,WR,Offense,0,86.95,17.65,83.49,19.51,6.06,293.1,291.71,-3.46,1.86,-9.91,5.39
2023090700,1069,53959,Brock Wright,TE,Offense,1,86.47,34.43,84.28,35.18,4.2,281.69,265.59,-2.19,0.75,-3.77,-4.18
2023090700,1069,54486,Trent McDuffie,CB,Defense,0,77.77,14.07,75.24,13.76,2.92,248.75,72.24,-2.53,-0.31,-5.79,-1.25
2023090700,1069,54527,Bryan Cook,FS,Defense,0,69.21,30.57,65.8,26.94,3.99,233.09,91.27,-3.41,-3.63,-4.71,-0.68
2023090700,1069,54568,Leo Chenal,OLB,Defense,0,81.23,30.69,81.54,30.93,1.66,349.17,67.25,0.31,0.24,1.28,5.69
2023090700,1069,55899,Sam LaPorta,TE,Offense,0,87.08,24.63,86.44,20.23,5.91,195.05,165.78,-0.64,-4.4,-2.79,-9.21
2023090700,1154,43290,Jared Goff,QB,Offense,0,72.41,23.74,77.02,22.6,4.17,80.67,34.36,4.61,-1.14,1.36,0.15
2023090700,1154,43584,Kalif Raymond,WR,Offense,0,71.58,16.29,65.8,15.41,6.48,257.23,265.14,-5.78,-0.88,-12.44,1.09
2023090700,1154,46137,Justin Reid,SS,Defense,0,65.27,18.1,67.65,15.53,3.1,187.09,135.29,2.38,-2.57,-6.07,-2.82
2023090700,1154,47856,David Montgomery,RB,Offense,0,78.81,24.18,76.92,19.81,5.37,192.28,191.41,-1.89,-4.37,-0.09,-8.91
2023090700,1154,52471,Willie Gay Jr.,ILB,Defense,0,66.81,20.8,70.9,19.47,2.46,126.85,64.17,4.09,-1.33,-5.19,-0.11
2023090700,1154,52546,L'Jarius Sneed,CB,Defense,0,66.42,35.77,63.76,36.13,3.69,273.81,186.41,-2.66,0.36,-9.32,-0.48
2023090700,1154,53487,Nick Bolton,MLB,Defense,0,66.99,25.0,68.75,22.93,1.88,131.17,90.75,1.76,-2.07,1.0,1.84
2023090700,1154,53541,Amon-Ra St. Brown,WR,Offense,1,71.7,32.56,65.8,31.41,7.18,256.94,264.0,-5.9,-1.15,-9.81,-6.67
2023090700,1154,54486,Trent McDuffie,CB,Defense,0,66.49,13.18,62.79,13.73,4.76,269.88,342.8,-3.7,0.55,-9.86,0.36
2023090700,1154,54527,Bryan Cook,FS,Defense,0,57.28,29.01,51.57,24.68,5.57,240.4,120.2,-5.71,-4.33,-8.25,-3.03
2023090700,1154,54568,Leo Chenal,OLB,Defense,0,67.23,27.58,69.5,27.06,1.53,129.53,86.26,2.27,-0.52,-0.64,2.61
2023090700,1201,38696,Marvin Jones,WR,Offense,0,52.5,42.77,50.85,42.48,4.15,254.45,253.5,-1.65,-0.29,-4.67,-1.88
2023090700,1201,43290,Jared Goff,QB,Offense,0,55.92,23.66,56.51,23.25,2.69,125.9,290.81,0.59,-0.41,2.0,-2.11
2023090700,1201,44930,Josh Reynolds,WR,Offense,0,52.91,34.39,50.89,34.56,4.76,272.57,270.81,-2.02,0.17,-5.79,0.31
2023090700,1201,46137,Justin Reid,SS,Defense,0,40.88,16.27,37.79,16.47,3.31,272.22,73.78,-3.09,0.2,-3.24,-0.4
2023090700,1201,52471,Willie Gay Jr.,ILB,Defense,0,47.66,23.15,47.65,28.02,6.22,352.18,34.54,-0.01,4.87,-2.33,5.16
2023090700,1201,52546,L'Jarius Sneed,CB,Defense,0,48.54,42.87,47.94,42.91,1.27,235.03,70.15,-0.6,0.04,-2.5,-1.3
2023090700,1201,52585,Michael Danna,DE,Defense,0,50.67,18.46,50.4,18.34,1.29,249.58,92.55,-0.27,-0.12,-3.13,-0.74
2023090700,1201,53541,Amon-Ra St. Brown,WR,Offense,0,52.08,15.52,50.57,15.4,3.96,265.45,278.05,-1.51,-0.12,-5.29,-0.36
2023090700,1201,54486,Trent McDuffie,CB,Defense,0,49.14,8.91,49.35,9.04,0.76,82.36,76.67,0.21,0.13,-0.87,-0.28
2023090700,1201,54527,Bryan Cook,FS,Defense,0,35.74,30.87,36.15,32.66,1.98,347.05,78.9,0.41,1.79,-1.99,1.16
2023090700,1201,55899,Sam LaPorta,TE,Offense,1,52.96,9.88,51.94,9.74,3.15,261.35,270.85,-1.02,-0.14,-2.2,0.39
2023090700,1300,38696,Marvin Jones,WR,Offense,0,37.75,15.9,36.62,14.77,3.7,230.45,253.35,-1.13,-1.13,-4.56,-1.66
2023090700,1300,43290,Jared Goff,QB,Offense,0,41.51,23.6,42.49,23.53,2.18,91.3,283.03,0.98,-0.07,2.35,-0.25
2023090700,1300,44930,Josh Reynolds,WR,Offense,0,37.99,31.16,36.27,31.27,4.58,274.89,263.55,-1.72,0.11,-5.72,0.54
2023090700,1300,46137,Justin Reid,SS,Defense,0,27.39,16.96,28.4,15.79,2.01,169.17,78.78,1.01,-1.17,-0.88,-2.22
2023090700,1300,52546,L'Jarius Sneed,CB,Defense,0,35.8,46.38,35.64,46.36,0.9,269.1,73.54,-0.16,-0.02,-1.84,-0.49
2023090700,1300,53487,Nick Bolton,MLB,Defense,0,35.65,24.77,35.32,24.03,2.22,206.63,132.31,-0.33,-0.74,-1.33,-2.93
2023090700,1300,53541,Amon-Ra St. Brown,WR,Offense,0,39.03,32.84,37.8,32.82,3.73,269.62,275.11,-1.23,-0.02,-3.77,0.03
2023090700,1300,54486,Trent McDuffie,CB,Defense,0,30.97,34.27,30.19,34.43,1.66,280.25,123.58,-0.78,0.16,-2.57,0.74
2023090700,1300,54495,George Karlaftis,DE,Defense,0,36.66,28.9,36.45,28.93,1.06,283.88,88.61,-0.21,0.03,-2.41,0.71
2023090700,1300,54527,Bryan Cook,FS,Defense,0,20.29,26.07,19.45,25.01,1.8,219.11,76.93,-0.84,-1.06,-1.09,-2.07
2023090700,1300,55876,Jahmyr Gibbs,RB,Offense,1,41.82,21.34,41.5,20.57,3.13,202.78,262.47,-0.32,-0.77,-2.26,-4.15
2023090700,1300,55899,Sam LaPorta,TE,Offense,0,38.87,46.3,37.76,46.19,3.09,267.31,295.35,-1.11,-0.11,-2.86,-0.6
2023090700,1422,44822,Patrick Mahomes,QB,Offense,0,17.64,29.97,15.17,30.03,3.47,259.46,153.4,-2.47,0.06,-3.3,-1.36
2023090700,1422,44906,Cameron Sutton,CB,Defense,0,27.12,17.49,27.82,18.27,2.54,26.38,316.16,0.7,0.78,-0.05,2.54
2023090700,1422,46309,Richie James,WR,Offense,0,21.04,43.67,22.67,45.53,4.79,46.42,57.62,1.63,1.86,7.44,4.43
2023090700,1422,47888,C.J. Gardner-Johnson,SS,Defense,0,39.0,29.77,41.14,29.04,2.32,103.13,271.44,2.14,-0.73,3.21,-0.48
2023090700,1422,53591,Noah Gray,TE,Offense,1,20.12,22.62,23.19,23.58,5.32,71.52,61.25,3.07,0.96,7.97,0.9
2023090700,1422,53953,Jerry Jacobs,CB,Defense,0,23.07,43.49,23.87,44.87,3.42,43.99,327.41,0.8,1.38,6.17,3.97
2023090700,1422,54511,Joshua Paschal,DE,Defense,0,22.96,27.09,22.63,27.15,1.09,72.74,303.27,-0.33,0.06,1.86,-1.04
2023090700,1422,54519,Skyy Moore,WR,Offense,0,20.08,18.6,22.26,19.72,4.99,55.15,76.91,2.18,1.12,3.26,1.51
2023090700,1422,54562,Kerby Joseph,FS,Defense,0,25.85,22.32,26.12,22.73,1.43,69.79,294.0,0.27,0.41,4.46,1.49
2023090700,1422,55910,Brian Branch,SS,Defense,0,22.75,21.22,24.88,22.53,5.11,62.21,333.48,2.13,1.31,6.55,3.38
2023090700,1422,55920,Rashee Rice,WR,Offense,0,21.25,21.37,24.62,23.25,5.65,64.41,90.79,3.37,1.88,6.07,3.24
2023090700,1494,38696,Marvin Jones,WR,Offense,1,65.03,10.39,61.15,12.31,5.63,306.55,280.57,-3.88,1.92,-8.02,3.53
2023090700,1494,43290,Jared Goff,QB,Offense,0,65.79,29.8,69.88,29.47,4.07,87.51,30.24,4.09,-0.33,2.41,0.1
2023090700,1494,44930,Josh Reynolds,WR,Offense,0,65.52,19.06,60.64,19.48,6.66,274.13,267.94,-4.88,0.42,-10.43,2.34
2023090700,1494,46137,Justin Reid,SS,Defense,0,50.34,33.2,47.57,30.33,4.41,230.01,143.33,-2.77,-2.87,-5.37,-3.17
2023090700,1494,47913,Drue Tranquill,ILB,Defense,0,60.51,29.21,60.09,27.76,2.54,212.45,101.72,-0.42,-1.45,-1.38,-4.61
2023090700,1494,52471,Willie Gay Jr.,ILB,Defense,0,60.49,33.81,63.21,34.37,2.33,73.69,119.29,2.72,0.56,-2.36,0.68
2023090700,1494,52546,L'Jarius Sneed,CB,Defense,0,62.52,38.62,61.3,39.12,3.64,298.62,171.94,-1.22,0.5,-7.0,1.34
2023090700,1494,53541,Amon-Ra St. Brown,WR,Offense,0,64.95,37.59,62.4,34.78,5.73,208.81,181.06,-2.55,-2.81,-2.32,-9.08
2023090700,1494,54486,Trent McDuffie,CB,Defense,0,62.36,10.25,60.71,11.58,4.95,308.18,44.02,-1.65,1.33,-8.06,3.53
2023090700,1494,54527,Bryan Cook,FS,Defense,0,52.38,18.19,53.1,18.43,0.94,301.22,46.64,0.72,0.24,-5.24,1.82
2023090700,1563,44822,Patrick Mahomes,QB,Offense,0,23.32,23.71,20.62,24.19,0.15,224.14,144.07,-2.7,0.48,3.91,-6.18
2023090700,1563,44888,Alex Anzalone,OLB,Defense,0,32.51,17.81,33.75,11.87,3.56,178.43,300.77,1.24,-5.94,-1.64,-2.7
2023090700,1563,44906,Cameron Sutton,CB,Defense,0,29.15,9.35,35.57,7.44,5.36,97.45,53.77,6.42,-1.91,10.21,2.35
2023090700,1563,46243,Marquez Valdes-Scantling,WR,Offense,0,26.64,44.33,25.72,45.2,0.83,281.47,163.78,-0.92,0.87,-0.46,-3.4
2023090700,1563,47888,C.J. Gardner-Johnson,SS,Defense,0,41.08,19.27,47.54,20.87,4.93,91.56,279.97,6.46,1.6,6.85,-3.83
2023090700,1563,53591,Noah Gray,TE,Offense,0,26.83,38.35,34.52,38.26,6.81,86.58,74.79,7.69,-0.09,12.68,-6.95
2023090700,1563,53953,Jerry Jacobs,CB,Defense,0,35.39,43.23,39.81,42.83,3.58,103.04,184.71,4.42,-0.4,10.32,-7.6
2023090700,1563,54562,Kerby Joseph,FS,Defense,0,40.73,36.0,39.64,38.48,2.38,337.33,263.39,-1.09,2.48,-4.7,3.69
2023090700,1563,54716,Isiah Pacheco,RB,Offense,0,26.08,9.8,27.39,9.24,0.87,248.97,344.33,1.31,-0.56,0.91,-3.02
2023090700,1563,54885,Justyn Ross,WR,Offense,0,27.49,15.75,35.96,14.37,6.37,96.66,16.39,8.47,-1.38,10.54,-4.72
2023090700,1563,55882,Jack Campbell,MLB,Defense,0,33.56,28.43,36.19,26.01,0.72,320.96,269.17,2.63,-2.42,-1.53,-5.7
2023090700,1563,55910,Brian Branch,SS,Defense,0,33.04,34.84,35.64,31.11,2.47,197.25,227.62,2.6,-3.73,-1.12,-3.24
2023090700,1563,55920,Rashee Rice,WR,Offense,1,27.11,31.77,33.54,28.88,2.28,127.69,234.97,6.43,-2.89,1.69,-11.48
2023090700,1588,41325,Jerick McKinnon,RB,Offense,0,47.75,26.7,47.35,31.81,6.59,354.89,68.23,-0.4,5.11,0.46,9.01
2023090700,1588,44822,Patrick Mahomes,QB,Offense,0,48.41,23.7,45.21,24.43,3.48,276.13,123.45,-3.2,0.73,-0.78,1.51
2023090700,1588,44888,Alex Anzalone,OLB,Defense,0,57.56,19.19,58.5,20.26,2.48,39.12,285.08,0.94,1.07,1.88,5.42
2023090700,1588,44906,Cameron Sutton,CB,Defense,0,56.72,12.78,58.99,12.26,3.6,74.79,8.81,2.27,-0.52,7.05,2.57
2023090700,1588,46243,Marquez Valdes-Scantling,WR,Offense,0,52.07,32.89,57.06,29.91,6.96,109.72,105.39,4.99,-2.98,11.51,-2.34
2023090700,1588,46309,Richie James,WR,Offense,1,51.41,38.97,56.26,39.16,6.97,87.48,95.24,4.85,0.19,11.5,-0.36
2023090700,1588,47888,C.J. Gardner-Johnson,SS,Defense,0,64.53,18.93,66.21,19.4,2.91,70.08,278.24,1.68,0.47,5.38,2.36
2023090700,1588,53449,Kadarius Toney,WR,Offense,0,52.26,14.17,54.69,15.99,4.79,34.38,16.57,2.43,1.82,1.74,9.42
2023090700,1588,53591,Noah Gray,TE,Offense,0,51.14,18.3,55.98,19.43,6.07,82.25,90.36,4.84,1.13,8.92,2.35
2023090700,1588,53953,Jerry Jacobs,CB,Defense,0,57.92,39.81,60.51,40.27,4.07,84.56,182.46,2.59,0.46,8.03,-0.8
2023090700,1588,54562,Kerby Joseph,FS,Defense,0,62.59,31.31,63.97,30.35,3.2,116.46,243.71,1.38,-0.96,6.36,-0.1
2023090700,1588,55882,Jack Campbell,MLB,Defense,0,57.49,24.31,58.95,25.62,3.88,53.21,308.67,1.46,1.31,4.29,4.37
2023090700,1588,55910,Brian Branch,SS,Defense,0,55.68,33.53,57.46,34.14,3.44,26.7,258.55,1.78,0.61,2.41,6.13
2023090700,1618,41325,Jerick McKinnon,RB,Offense,0,48.27,20.43,48.98,18.16,4.86,154.7,100.25,0.71,-2.27,4.01,-3.14
2023090700,1618,44822,Patrick Mahomes,QB,Offense,0,48.11,23.67,47.02,23.91,2.54,282.37,101.75,-1.09,0.24,-1.41,0.71
2023090700,1618,44888,Alex Anzalone,OLB,Defense,0,57.12,20.37,56.92,19.11,2.68,194.48,270.83,-0.2,-1.26,-0.63,-2.71
2023090700,1618,44906,Cameron Sutton,CB,Defense,0,56.86,14.57,58.19,14.08,2.97,109.5,341.84,1.33,-0.49,4.36,-0.93
2023090700,1618,46309,Richie James,WR,Offense,0,51.15,44.46,52.89,44.5,4.32,89.98,93.53,1.74,0.04,4.13,-0.94
2023090700,1618,47888,C.J. Gardner-Johnson,SS,Defense,0,64.51,20.13,64.91,20.06,1.86,98.91,277.99,0.4,-0.07,3.38,-0.19
2023090700,1618,53591,Noah Gray,TE,Offense,0,51.42,30.3,53.85,30.45,4.68,87.65,77.93,2.43,0.15,5.91,0.42
2023090700,1618,53953,Jerry Jacobs,CB,Defense,0,58.09,44.27,59.07,44.29,2.07,83.16,192.1,0.98,0.02,1.25,-0.58
2023090700,1618,54519,Skyy Moore,WR,Offense,0,52.07,16.52,54.63,16.11,5.68,97.3,94.41,2.56,-0.41,7.07,-0.57
2023090700,1618,54562,Kerby Joseph,FS,Defense,0,64.0,35.38,65.21,35.9,2.19,69.62,291.86,1.21,0.52,2.88,0.3
2023090700,1618,55882,Jack Campbell,MLB,Defense,0,57.78,27.14,58.3,27.79,2.11,31.82,313.24,0.52,0.65,1.51,2.05
2023090700,1618,55910,Brian Branch,SS,Defense,0,57.27,33.09,58.1,33.05,2.24,69.56,263.78,0.83,-0.04,2.04,1.54
2023090700,1618,55920,Rashee Rice,WR,Offense,1,51.83,37.73,53.27,37.93,3.41,82.38,86.41,1.44,0.2,2.58,-0.45
2023090700,1679,41325,Jerick McKinnon,RB,Offense,0,41.52,32.58,40.54,34.76,3.42,344.7,49.17,-0.98,2.18,2.0,6.11
2023090700,1679,44822,Patrick Mahomes,QB,Offense,0,40.8,30.02,38.23,30.54,3.76,269.86,131.16,-2.57,0.52,-2.53,-0.19
2023090700,1679,44888,Alex Anzalone,OLB,Defense,0,50.85,32.14,52.52,34.05,3.11,48.96,300.02,1.67,1.91,4.1,-0.54
2023090700,1679,44906,Cameron Sutton,CB,Defense,0,53.48,13.05,58.0,14.22,5.61,81.42,14.78,4.52,1.17,9.52,0.72
2023090700,1679,46213,Justin Watson,WR,Offense,0,45.04,39.25,50.16,37.96,6.93,105.27,98.16,5.12,-1.29,9.99,-4.83
2023090700,1679,46243,Marquez Valdes-Scantling,WR,Offense,1,44.99,20.59,50.1,20.97,7.11,88.33,84.46,5.11,0.38,12.81,-0.51
2023090700,1679,47888,C.J. Gardner-Johnson,SS,Defense,0,56.56,28.26,57.11,28.15,1.26,85.95,260.51,0.55,-0.11,3.58,-1.28
2023090700,1679,53591,Noah Gray,TE,Offense,0,43.46,22.49,44.3,22.88,2.43,156.58,95.67,0.84,0.39,2.17,-7.27
2023090700,1679,53953,Jerry Jacobs,CB,Defense,0,56.75,42.68,59.69,41.32,4.51,108.97,184.79,2.94,-1.36,8.27,-4.74
2023090700,1679,54519,Skyy Moore,WR,Offense,0,44.46,14.38,48.86,14.5,6.63,87.05,92.8,4.4,0.12,11.52,-0.46
2023090700,1679,54562,Kerby Joseph,FS,Defense,0,56.11,35.6,56.08,36.48,2.73,2.92,270.47,-0.03,0.88,1.26,5.58
2023090700,1679,54653,Malcolm Rodriguez,ILB,Defense,0,50.72,25.97,53.85,24.44,4.41,113.34,260.59,3.13,-1.53,5.25,-2.18
2023090700,1679,55910,Brian Branch,SS,Defense,0,50.82,20.28,52.43,16.8,5.44,157.22,220.09,1.61,-3.48,3.87,-7.54
2023090700,1711,41325,Jerick McKinnon,RB,Offense,0,75.69,24.19,75.15,22.28,2.37,176.31,168.72,-0.54,-1.91,2.77,-3.47
2023090700,1711,44822,Patrick Mahomes,QB,Offense,0,75.49,27.37,73.01,27.66,3.26,268.06,125.57,-2.48,0.29,-2.88,0.25
2023090700,1711,44888,Alex Anzalone,OLB,Defense,0,85.55,29.52,87.59,29.59,3.32,86.31,4.36,2.04,0.07,5.51,-0.19
2023090700,1711,44906,Cameron Sutton,CB,Defense,0,83.55,10.07,86.54,9.99,3.82,84.8,21.88,2.99,-0.08,5.5,0.29
2023090700,1711,46213,Justin Watson,WR,Offense,1,78.97,44.23,82.72,42.61,6.05,106.95,103.75,3.75,-1.62,8.63,-0.18
2023090700,1711,46243,Marquez Valdes-Scantling,WR,Offense,0,79.18,10.57,82.81,12.02,5.99,74.06,92.82,3.63,1.45,7.31,-0.28
2023090700,1711,47888,C.J. Gardner-Johnson,SS,Defense,0,93.19,33.52,95.59,34.49,2.9,72.82,283.19,2.4,0.97,4.44,1.26
2023090700,1711,53591,Noah Gray,TE,Offense,0,78.34,33.15,76.83,34.2,1.98,323.28,2.45,-1.51,1.05,0.93,3.37
2023090700,1711,53953,Jerry Jacobs,CB,Defense,0,83.11,45.19,82.87,43.7,3.34,134.64,207.4,-0.24,-1.49,4.85,-1.05
2023090700,1711,54519,Skyy Moore,WR,Offense,0,78.65,38.77,82.28,37.88,5.98,99.99,101.05,3.63,-0.89,7.85,-2.64
2023090700,1711,54562,Kerby Joseph,FS,Defense,0,91.75,18.49,95.15,16.61,3.67,118.48,272.83,3.4,-1.88,4.8,-1.1
2023090700,1711,55882,Jack Campbell,MLB,Defense,0,85.25,25.63,86.41,23.58,3.77,149.92,249.74,1.16,-2.05,1.97,-3.93
2023090700,1711,55910,Brian Branch,SS,Defense,0,84.59,39.13,86.23,38.74,2.97,113.13,225.63,1.64,-0.39,4.25,-2.45
2023090700,1741,41325,Jerick McKinnon,RB,Offense,0,100.28,22.0,100.6,13.41,6.81,173.7,123.01,0.32,-8.59,2.16,-6.91
2023090700,1741,42460,Blake Bell,TE,Offense,1,103.62,24.96,105.22,22.43,4.67,133.07,122.89,1.6,-2.53,4.54,-2.1
2023090700,1741,44822,Patrick Mahomes,QB,Offense,0,101.68,29.92,100.0,29.98,2.25,262.04,142.16,-1.68,0.06,-1.73,-0.52
2023090700,1741,44834,Charles Harris,DE,Defense,0,106.98,35.95,106.7,35.63,0.79,135.0,218.75,-0.28,-0.32,2.0,-0.01
2023090700,1741,44888,Alex Anzalone,OLB,Defense,0,110.54,26.84,110.27,25.34,0.41,255.93,272.35,-0.27,-1.5,0.16,1.22
2023090700,1741,44906,Cameron Sutton,CB,Defense,0,109.87,18.43,109.53,13.47,4.73,177.73,256.09,-0.34,-4.96,2.58,-3.06
2023090700,1741,47888,C.J. Gardner-Johnson,SS,Defense,0,110.57,32.96,110.4,30.89,1.72,181.51,236.75,-0.17,-2.07,0.3,-0.66
2023090700,1741,53591,Noah Gray,TE,Offense,0,105.43,24.2,106.49,24.83,2.86,41.1,47.49,1.06,0.63,3.0,3.99
2023090700,1741,53953,Jerry Jacobs,CB,Defense,0,108.3,44.13,109.51,44.14,2.39,85.74,237.34,1.21,0.01,2.68,2.57
2023090700,1741,54562,Kerby Joseph,FS,Defense,0,110.86,23.68,111.49,22.3,1.9,152.35,261.24,0.63,-1.38,1.29,-0.38
2023090700,1741,54885,Justyn Ross,WR,Offense,0,105.22,43.89,107.43,44.06,3.97,77.98,87.63,2.21,0.17,4.62,3.33
2023090700,1741,55910,Brian Branch,SS,Defense,0,108.38,21.6,109.16,17.76,4.28,172.72,267.92,0.78,-3.84,1.03,-3.8
2023090700,1741,55920,Rashee Rice,WR,Offense,0,104.44,21.13,107.36,20.33,5.27,99.75,105.13,2.92,-0.8,4.94,1.84
2023090700,1812,38696,Marvin Jones,WR,Offense,0,85.79,10.3,83.54,11.06,4.24,302.1,257.64,-2.25,0.76,-4.57,2.74
2023090700,1812,43290,Jared Goff,QB,Offense,0,89.47,29.61,90.62,29.53,2.24,92.34,332.44,1.15,-0.08,1.32,0.18
2023090700,1812,44930,Josh Reynolds,WR,Offense,0,86.48,18.33,84.26,18.49,5.02,270.65,261.05,-2.22,0.16,-6.59,-0.18
2023090700,1812,46137,Justin Reid,SS,Defense,0,80.32,35.78,79.83,33.32,2.7,202.67,132.8,-0.49,-2.46,-2.39,-2.73
2023090700,1812,47882,Mike Edwards,FS,Defense,0,70.02,38.38,68.55,38.01,1.97,259.03,101.35,-1.47,-0.37,-2.59,-0.19
2023090700,1812,52546,L'Jarius Sneed,CB,Defense,0,81.15,44.4,80.37,44.75,1.04,283.19,85.9,-0.78,0.35,-1.39,-0.52
2023090700,1812,53487,Nick Bolton,MLB,Defense,0,80.65,26.22,79.7,24.91,2.86,220.63,86.97,-0.95,-1.31,-2.75,-2.17
2023090700,1812,53541,Amon-Ra St. Brown,WR,Offense,0,85.87,38.06,83.16,38.18,5.12,271.91,272.0,-2.71,0.12,-6.58,-0.01
2023090700,1812,54527,Bryan Cook,FS,Defense,0,71.19,17.0,69.16,17.55,3.54,282.98,83.89,-2.03,0.55,-4.26,0.82
2023090700,1812,54600,Joshua Williams,CB,Defense,0,83.05,9.66,82.69,10.46,2.44,326.23,51.21,-0.36,0.8,-3.5,2.4
2023090700,1812,55895,Felix Anudike-Uzomah,DE,Defense,0,84.07,34.9,82.45,35.0,3.38,274.68,87.37,-1.62,0.1,-3.76,1.1
2023090700,1812,55899,Sam LaPorta,TE,Offense,1,86.42,43.81,84.36,43.96,4.48,274.69,265.97,-2.06,0.15,-3.74,-0.73
2023090700,1837,38696,Marvin Jones,WR,Offense,0,80.77,10.28,76.91,11.9,5.84,293.18,275.92,-3.86,1.62,-8.76,1.17
2023090700,1837,43290,Jared Goff,QB,Offense,0,84.74,29.69,86.91,29.54,3.06,87.44,328.02,2.17,-0.15,2.15,-0.09
2023090700,1837,44930,Josh Reynolds,WR,Offense,0,81.65,17.81,77.5,17.81,6.56,269.73,268.37,-4.15,0.0,-10.13,0.09
2023090700,1837,46137,Justin Reid,SS,Defense,0,67.33,33.61,64.19,33.03,3.85,247.71,176.5,-3.14,-0.58,-5.49,-3.61
2023090700,1837,47856,David Montgomery,RB,Offense,0,85.12,32.23,84.72,34.34,3.89,345.42,305.75,-0.4,2.11,-4.34,2.67
2023090700,1837,47882,Mike Edwards,FS,Defense,0,72.28,27.91,70.51,27.64,2.68,259.8,135.81,-1.77,-0.27,-3.6,-0.45
2023090700,1837,52546,L'Jarius Sneed,CB,Defense,0,79.69,36.3,78.28,37.67,3.22,317.85,149.77,-1.41,1.37,-2.81,2.57
2023090700,1837,53487,Nick Bolton,MLB,Defense,0,79.16,29.79,76.82,30.74,3.06,276.98,78.73,-2.34,0.95,-3.84,-2.72
2023090700,1837,53541,Amon-Ra St. Brown,WR,Offense,0,81.35,23.17,77.16,23.27,6.43,274.49,275.1,-4.19,0.1,-9.05,2.52
2023090700,1837,54486,Trent McDuffie,CB,Defense,0,74.8,19.5,73.32,19.54,2.87,272.71,76.47,-1.48,0.04,-3.94,-0.38
2023090700,1837,54527,Bryan Cook,FS,Defense,0,62.67,17.34,60.36,16.85,3.06,261.28,85.63,-2.31,-0.49,-5.01,-0.35
2023090700,1837,54600,Joshua Williams,CB,Defense,0,77.49,9.75,76.36,10.72,3.33,306.09,14.49,-1.13,0.97,-7.17,1.1
2023090700,1837,55899,Sam LaPorta,TE,Offense,1,80.93,35.68,79.7,33.87,4.48,207.75,218.09,-1.23,-1.81,-2.59,-7.88
2023090700,1869,38696,Marvin Jones,WR,Offense,0,77.29,34.18,72.57,33.84,6.5,269.95,261.35,-4.72,-0.34,-10.01,0.26
2023090700,1869,43290,Jared Goff,QB,Offense,0,80.85,23.62,82.62,23.54,2.14,87.5,310.19,1.77,-0.08,1.12,0.29
2023090700,1869,44930,Josh Reynolds,WR,Offense,1,78.22,35.52,74.58,35.62,5.36,269.13,260.91,-3.64,0.1,-4.12,-0.98
2023090700,1869,46137,Justin Reid,SS,Defense,0,59.94,24.46,58.41,24.9,4.32,284.23,73.29,-1.53,0.44,-6.47,0.96
2023090700,1869,47856,David Montgomery,RB,Offense,0,81.07,26.1,81.36,26.28,1.49,15.59,313.94,0.29,0.18,-1.02,5.24
2023090700,1869,47882,Mike Edwards,FS,Defense,0,63.77,19.42,64.69,19.6,1.01,66.7,102.47,0.92,0.18,0.78,1.43
2023090700,1869,52546,L'Jarius Sneed,CB,Defense,0,72.05,39.28,71.16,39.14,2.6,260.73,136.73,-0.89,-0.14,-2.44,-1.17
2023090700,1869,53487,Nick Bolton,MLB,Defense,0,74.93,27.43,76.6,27.58,2.49,83.93,86.71,1.67,0.15,2.25,3.53
2023090700,1869,53541,Amon-Ra St. Brown,WR,Offense,0,77.05,14.52,72.91,15.13,5.74,282.72,254.09,-4.14,0.61,-6.86,2.53
2023090700,1869,54486,Trent McDuffie,CB,Defense,0,74.33,35.96,71.8,35.75,5.19,264.77,213.48,-2.53,-0.21,-8.83,0.47
2023090700,1869,54527,Bryan Cook,FS,Defense,0,64.95,30.98,64.83,30.79,1.13,242.66,75.92,-0.12,-0.19,-1.08,0.3
2023090700,1869,54600,Joshua Williams,CB,Defense,0,74.24,13.0,72.57,14.19,4.02,289.94,343.62,-1.67,1.19,-6.79,0.59
2023090700,1869,55899,Sam LaPorta,TE,Offense,0,77.86,18.01,76.23,18.92,3.02,286.97,290.0,-1.63,0.91,-3.36,-3.53
2023090700,1869,55984,Chamarri Conner,SS,Defense,0,71.64,15.58,71.07,15.91,1.58,308.43,61.97,-0.57,0.33,0.2,-1.71
2023090700,1940,38696,Marvin Jones,WR,Offense,1,70.64,35.58,67.02,35.16,5.51,258.86,248.83,-3.62,-0.42,-12.14,3.32
2023090700,1940,43290,Jared Goff,QB,Offense,0,73.03,26.81,74.91,26.67,2.9,87.57,356.03,1.88,-0.14,1.77,0.93
2023090700,1940,44930,Josh Reynolds,WR,Offense,0,70.3,33.12,68.06,33.32,4.14,276.88,273.2,-2.24,0.2,-4.61,5.78
2023090700,1940,46137,Justin Reid,SS,Defense,0,62.1,20.44,63.0,18.73,1.45,144.12,70.58,0.9,-1.71,1.56,-1.13
2023090700,1940,47882,Mike Edwards,FS,Defense,0,49.87,20.49,47.36,19.28,2.64,266.98,66.0,-2.51,-1.21,-8.09,4.11
2023090700,1940,52546,L'Jarius Sneed,CB,Defense,0,63.16,38.97,62.91,39.97,1.63,277.54,171.89,-0.25,1.0,-1.86,1.4
2023090700,1940,53487,Nick Bolton,MLB,Defense,0,63.47,30.92,63.18,31.19,2.83,163.36,113.39,-0.29,0.27,-2.49,-5.1
2023090700,1940,53541,Amon-Ra St. Brown,WR,Offense,0,69.04,35.14,65.11,35.17,6.32,272.36,268.55,-3.93,0.03,-14.66,2.73
2023090700,1940,54486,Trent McDuffie,CB,Defense,0,66.13,36.9,63.55,37.67,4.36,272.63,180.22,-2.58,0.77,-12.95,1.26
2023090700,1940,54527,Bryan Cook,FS,Defense,0,51.18,33.91,47.91,36.31,2.81,290.38,122.88,-3.27,2.4,-7.06,2.43
2023090700,1940,54600,Joshua Williams,CB,Defense,0,56.88,33.21,55.69,40.03,3.23,313.91,169.36,-1.19,6.82,-7.78,3.72
2023090700,2118,42460,Blake Bell,TE,Offense,1,45.69,37.21,48.76,38.39,5.31,67.73,73.48,3.07,1.18,5.93,0.38
2023090700,2118,44822,Patrick Mahomes,QB,Offense,0,42.22,29.83,40.02,30.38,3.13,276.82,136.15,-2.2,0.55,-1.03,0.15
2023090700,2118,44888,Alex Anzalone,OLB,Defense,0,51.55,31.84,50.96,32.7,2.75,336.23,292.63,-0.59,0.86,-1.3,4.64
2023090700,2118,44906,Cameron Sutton,CB,Defense,0,54.13,9.54,56.04,9.74,3.34,84.95,285.15,1.91,0.2,5.34,-0.11
2023090700,2118,46213,Justin Watson,WR,Offense,0,45.64,8.51,49.45,8.77,6.31,89.95,75.13,3.81,0.26,9.3,-0.39
2023090700,2118,46243,Marquez Valdes-Scantling,WR,Offense,0,46.09,16.4,49.5,15.37,6.0,106.2,100.54,3.41,-1.03,8.44,-0.02
2023090700,2118,47888,C.J. Gardner-Johnson,SS,Defense,0,58.66,32.11,59.29,31.31,1.45,110.87,260.26,0.63,-0.8,2.44,-0.88
2023090700,2118,52440,Clyde Edwards-Helaire,RB,Offense,0,42.04,32.62,41.91,34.11,3.46,1.77,71.02,-0.13,1.49,3.21,5.08
2023090700,2118,53542,Derrick Barnes,MLB,Defense,0,51.64,25.03,51.71,23.45,1.53,159.89,257.6,0.07,-1.58,2.35,-1.14
2023090700,2118,53591,Noah Gray,TE,Offense,0,44.82,22.59,48.66,21.99,5.38,93.63,76.44,3.84,-0.6,7.37,-0.56
2023090700,2118,53953,Jerry Jacobs,CB,Defense,0,51.81,40.48,52.42,40.56,1.86,82.07,218.57,0.61,0.08,3.27,-0.93
2023090700,2118,54562,Kerby Joseph,FS,Defense,0,57.42,19.57,57.87,20.34,1.74,56.91,282.43,0.45,0.77,2.71,0.84
2023090700,2118,55910,Brian Branch,SS,Defense,0,52.01,15.66,53.48,14.97,2.94,114.99,276.15,1.47,-0.69,4.78,-0.25
2023090700,2141,41325,Jerick McKinnon,RB,Offense,0,43.4,31.79,41.47,35.25,5.53,347.28,46.13,-1.93,3.46,2.12,8.83
2023090700,2141,44822,Patrick Mahomes,QB,Offense,0,42.19,29.83,38.77,30.23,3.1,267.21,150.08,-3.42,0.4,-1.96,0.67
2023090700,2141,44888,Alex Anzalone,OLB,Defense,0,50.8,31.76,49.14,34.4,4.72,346.31,313.17,-1.66,2.64,-0.41,8.75
2023090700,2141,44906,Cameron Sutton,CB,Defense,0,54.77,13.88,56.98,12.73,3.17,119.4,342.1,2.21,-1.15,6.46,-3.58
2023090700,2141,46213,Justin Watson,WR,Offense,0,45.52,20.28,49.34,22.72,5.28,47.03,48.96,3.82,2.44,3.45,1.93
2023090700,2141,47888,C.J. Gardner-Johnson,SS,Defense,0,58.14,33.18,60.77,32.13,2.86,112.0,230.12,2.63,-1.05,5.3,-2.27
2023090700,2141,53449,Kadarius Toney,WR,Offense,0,46.32,17.56,50.5,15.37,6.79,121.66,110.48,4.18,-2.19,12.09,-4.23
2023090700,2141,53591,Noah Gray,TE,Offense,1,45.99,37.22,48.04,33.99,5.07,161.81,129.3,2.05,-3.23,1.29,-10.46
2023090700,2141,53953,Jerry Jacobs,CB,Defense,0,53.2,40.55,53.44,37.96,5.17,182.12,215.39,0.24,-2.59,-2.11,-11.91
2023090700,2141,54519,Skyy Moore,WR,Offense,0,44.93,15.61,48.75,17.19,5.76,77.85,106.59,3.82,1.58,7.11,-3.38
2023090700,2141,54562,Kerby Joseph,FS,Defense,0,56.62,19.91,58.44,20.67,3.26,54.04,292.58,1.82,0.76,4.33,2.21
2023090700,2141,54653,Malcolm Rodriguez,ILB,Defense,0,52.6,23.51,52.17,24.4,1.58,330.45,257.77,-0.43,0.89,1.21,1.16
2023090700,2141,55910,Brian Branch,SS,Defense,0,50.11,16.7,52.58,16.53,3.54,92.64,307.88,2.47,-0.17,3.83,-2.57
2023090700,2186,38696,Marvin Jones,WR,Offense,1,104.2,37.51,103.51,37.17,2.65,244.89,244.39,-0.69,-0.34,-2.3,-0.2
2023090700,2186,43290,Jared Goff,QB,Offense,0,104.74,29.68,105.43,29.66,2.58,90.9,269.73,0.69,-0.02,1.62,0.15
2023090700,2186,44930,Josh Reynolds,WR,Offense,0,103.76,22.91,103.39,22.45,1.72,219.42,273.93,-0.37,-0.46,-1.4,-0.52
2023090700,2186,46137,Justin Reid,SS,Defense,0,92.72,35.13,94.9,38.65,5.73,29.52,65.55,2.18,3.52,1.56,3.65
2023090700,2186,47856,David Montgomery,RB,Offense,0,110.08,29.88,109.99,29.43,2.23,191.42,260.34,-0.09,-0.45,-0.31,-2.48
2023090700,2186,52471,Willie Gay Jr.,ILB,Defense,0,99.33,31.58,99.51,31.78,0.96,20.39,89.98,0.18,0.2,-0.16,1.62
2023090700,2186,52546,L'Jarius Sneed,CB,Defense,0,102.6,36.85,103.81,35.55,3.09,120.17,129.5,1.21,-1.3,1.84,-0.44
2023090700,2186,53487,Nick Bolton,MLB,Defense,0,99.59,27.46,100.12,26.57,2.06,152.3,88.67,0.53,-0.89,0.09,-1.5
2023090700,2186,53541,Amon-Ra St. Brown,WR,Offense,0,105.85,28.77,105.81,34.9,7.8,350.3,4.69,-0.04,6.13,-1.82,5.21
2023090700,2186,54486,Trent McDuffie,CB,Defense,0,98.26,17.55,99.19,18.29,1.17,83.31,66.44,0.93,0.74,0.14,-0.89
2023090700,2186,54527,Bryan Cook,FS,Defense,0,88.65,26.29,88.37,29.89,4.37,353.16,52.81,-0.28,3.6,-0.05,3.09
2023090700,2186,55984,Chamarri Conner,SS,Defense,0,98.36,23.88,96.66,23.87,2.39,262.79,98.5,-1.7,-0.01,-2.03,-0.18
2023090700,2261,38696,Marvin Jones,WR,Offense,0,104.05,10.33,100.97,7.15,5.52,220.86,248.07,-3.08,-3.18,-7.42,-4.41
2023090700,2261,43290,Jared Goff,QB,Offense,0,107.8,29.68,110.25,29.4,2.79,99.31,305.97,2.45,-0.28,2.31,-0.77
2023090700,2261,43584,Kalif Raymond,WR,Offense,0,104.58,17.01,100.61,15.69,6.01,244.7,263.68,-3.97,-1.32,-7.98,-4.06
2023090700,2261,46137,Justin Reid,SS,Defense,0,102.19,36.83,102.72,35.7,2.55,212.45,133.25,0.53,-1.13,-1.79,-6.83
2023090700,2261,47856,David Montgomery,RB,Offense,0,108.39,32.11,109.08,31.5,1.64,109.32,280.15,0.69,-0.61,1.92,4.31
2023090700,2261,47882,Mike Edwards,FS,Defense,0,87.01,29.99,84.81,28.67,2.91,244.96,104.64,-2.2,-1.32,-4.65,-2.86
2023090700,2261,52546,L'Jarius Sneed,CB,Defense,0,101.21,24.58,100.67,24.53,2.02,322.95,121.29,-0.54,-0.05,-2.55,4.85
2023090700,2261,53487,Nick Bolton,MLB,Defense,0,102.27,28.64,104.56,29.44,1.52,71.17,69.21,2.29,0.8,0.27,3.73
2023090700,2261,53541,Amon-Ra St. Brown,WR,Offense,0,104.25,22.67,101.55,23.96,3.99,318.45,293.11,-2.7,1.29,-2.89,5.97
2023090700,2261,54486,Trent McDuffie,CB,Defense,0,101.1,17.27,99.53,16.23,4.43,233.86,131.2,-1.57,-1.04,-7.45,-3.38
2023090700,2261,54527,Bryan Cook,FS,Defense,0,92.42,17.16,93.08,18.11,1.86,1.35,74.83,0.66,0.95,-0.17,3.74
2023090700,2261,54600,Joshua Williams,CB,Defense,0,101.88,10.52,100.22,8.13,4.93,219.63,206.66,-1.66,-2.39,-6.65,-4.61
2023090700,2261,55899,Sam LaPorta,TE,Offense,1,104.17,36.26,104.71,34.34,3.62,178.55,198.73,0.54,-1.92,-2.31,-7.26
2023090700,2306,44822,Patrick Mahomes,QB,Offense,0,47.51,29.85,46.43,29.87,2.33,269.72,90.08,-1.08,0.02,-1.17,0.51
2023090700,2306,44888,Alex Anzalone,OLB,Defense,0,56.03,32.7,55.73,32.48,0.8,38.83,301.62,-0.3,-0.22,3.38,2.77
2023090700,2306,44906,Cameron Sutton,CB,Defense,0,53.65,21.16,54.38,20.16,3.19,136.75,14.72,0.73,-1.0,3.44,-3.3
2023090700,2306,46243,Marquez Valdes-Scantling,WR,Offense,0,50.98,37.76,55.96,38.73,6.78,71.77,78.06,4.98,0.97,7.78,5.25
2023090700,2306,47888,C.J. Gardner-Johnson,SS,Defense,0,66.44,34.1,69.24,36.07,3.98,61.35,295.03,2.8,1.97,4.57,3.85
2023090700,2306,52440,Clyde Edwards-Helaire,RB,Offense,0,47.4,32.05,47.37,29.25,3.94,192.6,160.1,-0.03,-2.8,0.64,-4.98
2023090700,2306,53449,Kadarius Toney,WR,Offense,1,51.6,22.22,55.82,23.44,6.5,73.08,88.16,4.22,1.22,7.28,4.38
2023090700,2306,53591,Noah Gray,TE,Offense,0,49.5,24.78,49.62,28.18,4.97,17.91,37.67,0.12,3.4,4.67,4.92
2023090700,2306,53953,Jerry Jacobs,CB,Defense,0,53.55,41.18,54.54,45.35,2.4,23.13,250.97,0.99,4.17,2.37,2.77
2023090700,2306,54519,Skyy Moore,WR,Offense,0,48.85,34.36,51.94,43.74,7.22,40.27,62.23,3.09,9.38,3.36,4.75
2023090700,2306,54562,Kerby Joseph,FS,Defense,0,59.14,26.18,63.19,25.0,4.81,112.42,267.62,4.05,-1.18,6.14,-1.83
2023090700,2306,55882,Jack Campbell,MLB,Defense,0,57.45,29.72,57.85,30.48,2.47,47.39,343.69,0.4,0.76,4.42,3.15
2023090700,2306,55910,Brian Branch,SS,Defense,0,56.44,24.49,54.61,25.67,2.12,276.17,266.27,-1.83,1.18,1.0,-2.29
2023090700,2364,41325,Jerick McKinnon,RB,Offense,0,52.98,30.94,52.05,31.28,1.54,311.05,47.32,-0.93,0.34,-0.31,3.97
2023090700,2364,44822,Patrick Mahomes,QB,Offense,0,51.12,28.91,49.28,29.23,3.38,273.36,127.67,-1.84,0.32,-2.81,-0.37
2023090700,2364,44888,Alex Anzalone,OLB,Defense,0,56.91,31.59,54.49,31.57,4.2,271.65,285.83,-2.42,-0.02,-3.46,2.54
2023090700,2364,44906,Cameron Sutton,CB,Defense,0,60.95,10.21,62.4,10.38,3.03,97.21,220.37,1.45,0.17,5.86,-1.89
2023090700,2364,46243,Marquez Valdes-Scantling,WR,Offense,0,55.19,17.54,57.44,19.13,4.39,47.88,83.2,2.25,1.59,2.08,6.07
2023090700,2364,47888,C.J. Gardner-Johnson,SS,Defense,0,64.81,32.08,65.13,32.06,1.21,95.55,227.31,0.32,-0.02,2.8,-0.14
2023090700,2364,53449,Kadarius Toney,WR,Offense,1,55.38,39.78,56.04,37.44,5.33,164.14,120.85,0.66,-2.34,1.7,-8.3
2023090700,2364,53591,Noah Gray,TE,Offense,0,53.94,20.05,56.98,21.75,4.72,84.51,77.32,3.04,1.7,6.99,1.54
2023090700,2364,53953,Jerry Jacobs,CB,Defense,0,57.22,40.21,57.19,38.0,3.76,173.91,216.59,-0.03,-2.21,0.95,-7.51
2023090700,2364,54519,Skyy Moore,WR,Offense,0,54.72,9.23,57.32,8.88,5.77,101.29,92.77,2.6,-0.35,8.93,-2.08
2023090700,2364,54562,Kerby Joseph,FS,Defense,0,63.94,18.7,65.12,20.27,2.84,64.27,306.39,1.18,1.57,4.69,1.08
2023090700,2364,54653,Malcolm Rodriguez,ILB,Defense,0,61.47,23.51,61.72,24.33,0.55,68.2,240.64,0.25,0.82,-0.85,2.18
2023090700,2364,55910,Brian Branch,SS,Defense,0,60.71,15.02,61.95,16.65,2.48,52.86,321.5,1.24,1.63,2.65,1.57
2023090700,2435,42460,Blake Bell,TE,Offense,0,33.08,25.1,33.72,27.79,0.55,339.27,115.75,0.64,2.69,-2.32,-2.78
2023090700,2435,44822,Patrick Mahomes,QB,Offense,0,29.92,29.79,28.01,29.75,3.34,227.04,147.87,-1.91,-0.04,-3.4,-4.15
2023090700,2435,44906,Cameron Sutton,CB,Defense,0,36.42,19.99,38.16,18.56,4.21,131.71,53.94,1.74,-1.43,6.49,-6.21
2023090700,2435,46243,Marquez Valdes-Scantling,WR,Offense,0,34.11,22.79,40.91,21.75,7.63,93.34,75.19,6.8,-1.04,13.2,-2.42
2023090700,2435,47888,C.J. Gardner-Johnson,SS,Defense,0,43.74,35.9,48.94,36.16,3.87,81.86,255.28,5.2,0.26,6.93,-2.12
2023090700,2435,53542,Derrick Barnes,MLB,Defense,0,39.58,31.29,38.17,33.99,2.55,356.13,253.83,-1.41,2.7,5.5,-1.26
2023090700,2435,53591,Noah Gray,TE,Offense,0,32.81,21.96,32.63,24.87,2.76,351.63,73.66,-0.18,2.91,-0.98,-1.65
2023090700,2435,53953,Jerry Jacobs,CB,Defense,0,36.33,40.0,37.27,38.35,3.53,76.93,136.8,0.94,-1.65,7.85,0.7
2023090700,2435,54562,Kerby Joseph,FS,Defense,0,40.96,24.99,45.1,22.09,6.23,111.73,134.36,4.14,-2.9,11.39,-3.97
2023090700,2435,54682,James Houston,DE,Defense,0,35.58,23.92,36.05,24.71,0.42,307.05,276.13,0.47,0.79,1.95,-4.04
2023090700,2435,54716,Isiah Pacheco,RB,Offense,1,29.76,27.21,29.62,33.03,6.63,338.01,18.7,-0.14,5.82,-3.23,9.88
2023090700,2435,54885,Justyn Ross,WR,Offense,0,34.18,40.41,38.99,39.45,6.32,106.92,124.37,4.81,-0.96,10.01,-4.06
2023090700,2435,55882,Jack Campbell,MLB,Defense,0,40.36,27.31,40.94,28.56,1.94,78.28,235.15,0.58,1.25,5.58,-1.95
2023090700,2487,42460,Blake Bell,TE,Offense,0,43.82,34.71,45.26,34.64,3.78,122.84,118.14,1.44,-0.07,2.76,-5.97
2023090700,2487,44822,Patrick Mahomes,QB,Offense,0,43.56,29.75,36.31,28.36,3.37,253.81,145.05,-7.25,-1.39,2.51,-0.15
2023090700,2487,44906,Cameron Sutton,CB,Defense,0,47.61,15.19,56.22,14.01,6.3,91.02,53.79,8.61,-1.18,16.73,2.31
2023090700,2487,46213,Justin Watson,WR,Offense,1,43.34,16.47,53.04,16.64,8.35,92.2,96.85,9.7,0.17,19.22,1.58
2023090700,2487,47888,C.J. Gardner-Johnson,SS,Defense,0,54.45,31.87,57.67,31.21,3.97,105.38,190.73,3.22,-0.66,7.24,-5.75
2023090700,2487,53542,Derrick Barnes,MLB,Defense,0,49.7,31.16,50.64,30.92,2.85,79.09,237.15,0.94,-0.24,2.95,-3.76
2023090700,2487,53591,Noah Gray,TE,Offense,0,43.68,25.25,51.66,23.21,6.2,93.98,92.41,7.98,-2.04,5.92,3.84
2023090700,2487,53724,Matt Bushman,TE,Offense,0,42.79,21.31,50.43,17.25,6.08,122.73,109.64,7.64,-4.06,13.49,1.93
2023090700,2487,53953,Jerry Jacobs,CB,Defense,0,49.46,34.94,48.14,36.86,1.48,161.54,225.37,-1.32,1.92,0.15,-7.52
2023090700,2487,54562,Kerby Joseph,FS,Defense,0,54.38,22.25,58.47,20.01,4.67,117.25,209.73,4.09,-2.24,7.86,-0.88
2023090700,2487,54682,James Houston,DE,Defense,0,47.38,21.49,50.22,17.78,4.67,132.58,174.72,2.84,-3.71,4.22,-5.05
2023090700,2487,54716,Isiah Pacheco,RB,Offense,0,38.47,29.67,40.03,23.52,2.3,168.17,118.55,1.56,-6.15,1.0,-7.22
2023090700,2487,55882,Jack Campbell,MLB,Defense,0,49.85,27.28,51.8,23.93,3.33,147.75,244.71,1.95,-3.35,3.21,-4.43
2023090700,2510,44822,Patrick Mahomes,QB,Offense,0,40.12,29.8,39.38,29.93,1.91,278.67,97.18,-0.74,0.13,-0.82,-0.24
2023090700,2510,44906,Cameron Sutton,CB,Defense,0,47.09,7.91,49.04,7.68,3.51,92.47,24.08,1.95,-0.23,3.17,0.02
2023090700,2510,46243,Marquez Valdes-Scantling,WR,Offense,0,44.24,39.67,45.36,39.25,3.34,106.53,101.42,1.12,-0.42,3.23,-0.76
2023090700,2510,46309,Richie James,WR,Offense,1,43.35,17.97,44.5,17.58,3.31,109.05,82.37,1.15,-0.39,3.28,-1.08
2023090700,2510,47888,C.J. Gardner-Johnson,SS,Defense,0,58.53,31.97,58.93,31.96,1.52,92.11,267.45,0.4,-0.01,2.24,-0.41
2023090700,2510,53542,Derrick Barnes,MLB,Defense,0,49.95,34.57,50.3,34.33,1.21,92.0,310.18,0.35,-0.24,1.55,1.64
2023090700,2510,53591,Noah Gray,TE,Offense,0,43.7,35.8,44.79,35.78,3.22,87.8,66.36,1.09,-0.02,3.92,-0.2
2023090700,2510,53953,Jerry Jacobs,CB,Defense,0,52.67,41.22,53.31,41.35,1.65,86.62,250.94,0.64,0.13,2.04,-0.14
2023090700,2510,54519,Skyy Moore,WR,Offense,0,43.92,8.03,44.7,8.05,2.96,89.73,101.32,0.78,0.02,3.76,-0.03
2023090700,2510,54562,Kerby Joseph,FS,Defense,0,55.95,20.14,55.72,19.76,0.59,209.05,274.69,-0.23,-0.38,-0.55,-1.11
2023090700,2510,54716,Isiah Pacheco,RB,Offense,0,40.19,32.81,40.7,34.05,3.91,22.46,59.3,0.51,1.24,1.73,4.16
2023090700,2510,55882,Jack Campbell,MLB,Defense,0,50.12,30.5,50.33,30.85,0.79,35.55,281.93,0.21,0.35,1.16,1.15
2023090700,2510,55910,Brian Branch,SS,Defense,0,50.32,22.87,50.1,22.91,0.51,52.84,276.62,-0.22,0.04,1.14,-0.14
2023090700,2613,43290,Jared Goff,QB,Offense,0,88.82,29.75,93.4,28.07,4.29,92.51,28.96,4.58,-1.68,2.2,-0.28
2023090700,2613,44930,Josh Reynolds,WR,Offense,0,87.95,19.61,83.27,20.72,6.5,278.18,273.86,-4.68,1.11,-12.41,4.32
2023090700,2613,46137,Justin Reid,SS,Defense,0,79.19,24.46,77.23,21.93,2.71,274.43,101.53,-1.96,-2.53,-7.39,2.82
2023090700,2613,47856,David Montgomery,RB,Offense,0,95.07,30.04,93.02,25.47,5.61,189.98,199.54,-2.05,-4.57,-1.5,-9.82
2023090700,2613,47913,Drue Tranquill,ILB,Defense,0,83.56,25.67,84.74,23.02,3.56,155.15,93.07,1.18,-2.65,3.16,-7.21
2023090700,2613,53487,Nick Bolton,MLB,Defense,0,83.27,28.63,84.66,26.59,1.29,118.02,68.24,1.39,-2.04,-3.44,1.15
2023090700,2613,53541,Amon-Ra St. Brown,WR,Offense,1,88.96,18.55,84.72,17.99,4.8,279.8,252.66,-4.24,-0.56,-10.38,-0.38
2023090700,2613,54486,Trent McDuffie,CB,Defense,0,85.92,18.66,84.24,17.28,2.93,273.57,32.39,-1.68,-1.38,-9.29,-0.8
2023090700,2613,54527,Bryan Cook,FS,Defense,0,72.87,30.33,69.39,29.62,2.61,279.08,88.92,-3.48,-0.71,-5.77,3.48
2023090700,2613,55899,Sam LaPorta,TE,Offense,0,89.1,24.75,90.4,28.96,4.94,16.77,335.33,1.3,4.21,3.38,4.74
2023090700,2638,38696,Marvin Jones,WR,Offense,0,70.37,30.38,71.98,27.32,4.46,152.87,158.32,1.61,-3.06,2.14,-2.57
2023090700,2638,43290,Jared Goff,QB,Offense,0,73.96,23.58,75.35,24.07,3.21,39.26,330.67,1.39,0.49,1.84,7.71
2023090700,2638,43584,Kalif Raymond,WR,Offense,0,71.63,27.25,66.96,43.8,8.3,321.5,317.89,-4.67,16.55,-5.7,6.07
2023090700,2638,46137,Justin Reid,SS,Defense,0,58.06,18.43,62.56,15.38,4.83,145.8,104.29,4.5,-3.05,-1.56,-4.88
2023090700,2638,47913,Drue Tranquill,ILB,Defense,0,65.65,22.8,68.47,17.65,6.08,155.04,117.12,2.82,-5.15,0.27,-9.23
2023090700,2638,52546,L'Jarius Sneed,CB,Defense,0,67.62,34.61,64.49,33.2,4.26,249.72,140.17,-3.13,-1.41,-10.13,-1.57
2023090700,2638,53487,Nick Bolton,MLB,Defense,0,65.56,26.05,66.79,26.1,2.49,46.21,69.31,1.23,0.05,-1.32,5.13
2023090700,2638,53541,Amon-Ra St. Brown,WR,Offense,0,69.78,34.56,64.79,32.76,4.57,248.61,282.86,-4.99,-1.8,-11.0,-1.78
2023090700,2638,54527,Bryan Cook,FS,Defense,0,60.02,33.19,62.97,42.71,6.05,342.79,17.43,2.95,9.52,-2.2,6.83
2023090700,2638,54600,Joshua Williams,CB,Defense,0,64.74,20.75,60.33,34.29,6.65,327.93,19.08,-4.41,13.54,-4.44,9.48
2023090700,2638,55876,Jahmyr Gibbs,RB,Offense,0,73.78,25.99,73.96,19.0,6.57,171.84,200.89,0.18,-6.99,-2.27,-11.35
2023090700,2638,55899,Sam LaPorta,TE,Offense,1,69.93,18.56,67.12,17.56,4.77,293.85,312.63,-2.81,-1.0,-4.68,11.69
2023090700,2825,42460,Blake Bell,TE,Offense,0,30.23,28.84,30.8,31.24,3.48,15.11,61.51,0.57,2.4,1.8,10.43
2023090700,2825,44822,Patrick Mahomes,QB,Offense,0,27.3,23.59,24.68,24.05,2.18,265.84,138.84,-2.62,0.46,-2.72,-1.11
2023090700,2825,44834,Charles Harris,DE,Defense,0,33.02,30.38,33.34,32.55,3.85,49.74,186.4,0.32,2.17,6.05,5.28
2023090700,2825,44888,Alex Anzalone,OLB,Defense,0,36.77,23.17,39.15,21.34,3.55,112.2,284.67,2.38,-1.83,3.16,-2.76
2023090700,2825,44906,Cameron Sutton,CB,Defense,0,33.22,14.65,35.01,10.12,5.29,141.42,315.1,1.79,-4.53,9.68,-4.94
2023090700,2825,46213,Justin Watson,WR,Offense,0,31.14,15.29,36.05,8.51,7.85,134.54,120.59,4.91,-6.78,14.27,-5.45
2023090700,2825,47888,C.J. Gardner-Johnson,SS,Defense,0,40.59,31.32,46.08,33.07,4.49,75.24,242.38,5.49,1.75,9.27,1.9
2023090700,2825,53542,Derrick Barnes,MLB,Defense,0,36.96,26.8,40.37,27.13,5.05,77.24,29.91,3.41,0.33,6.54,-1.55
2023090700,2825,53591,Noah Gray,TE,Offense,0,29.81,31.76,36.19,32.37,6.22,98.84,82.71,6.38,0.61,9.4,-7.58
2023090700,2825,53953,Jerry Jacobs,CB,Defense,0,34.59,35.63,37.17,35.31,4.12,86.11,166.82,2.58,-0.32,8.49,3.72
2023090700,2825,54519,Skyy Moore,WR,Offense,0,31.64,30.29,38.84,30.47,7.22,79.68,89.98,7.2,0.18,9.0,5.02
2023090700,2825,54562,Kerby Joseph,FS,Defense,0,45.58,25.09,48.8,18.68,6.22,147.85,225.32,3.22,-6.41,7.21,-8.58
2023090700,2825,54716,Isiah Pacheco,RB,Offense,1,27.44,25.82,25.5,20.28,5.07,230.18,210.55,-1.94,-5.54,0.71,-2.39
2023090700,2906,42460,Blake Bell,TE,Offense,1,82.13,31.21,80.08,19.25,2.66,177.16,7.2,-2.05,-11.96,3.28,-11.82
2023090700,2906,44822,Patrick Mahomes,QB,Offense,0,80.42,25.55,75.75,25.55,1.15,279.53,156.46,-4.67,0.0,-0.69,-9.5
2023090700,2906,44888,Alex Anzalone,OLB,Defense,0,89.58,24.47,92.61,22.7,3.45,62.39,290.99,3.03,-1.77,-1.62,-5.26
2023090700,2906,44906,Cameron Sutton,CB,Defense,0,86.39,16.22,90.03,12.33,2.23,132.31,12.42,3.64,-3.89,9.18,-4.97
2023090700,2906,46213,Justin Watson,WR,Offense,0,84.02,35.14,100.26,27.65,9.02,104.71,106.01,16.24,-7.49,9.91,-17.41
2023090700,2906,46243,Marquez Valdes-Scantling,WR,Offense,0,84.02,16.9,100.86,23.19,8.73,58.92,35.85,16.84,6.29,7.76,19.12
2023090700,2906,47888,C.J. Gardner-Johnson,SS,Defense,0,92.8,33.21,102.62,30.65,6.51,92.64,173.93,9.82,-2.56,10.98,8.37
2023090700,2906,53591,Noah Gray,TE,Offense,0,80.42,27.43,88.46,26.48,7.0,69.62,60.43,8.04,-0.95,17.88,14.79
2023090700,2906,53953,Jerry Jacobs,CB,Defense,0,86.84,37.14,92.7,38.8,4.09,28.74,195.91,5.86,1.66,8.58,7.98
2023090700,2906,54562,Kerby Joseph,FS,Defense,0,99.37,24.71,105.72,19.55,4.66,86.05,315.45,6.35,-5.16,6.04,-8.94
2023090700,2906,54682,James Houston,DE,Defense,0,85.72,30.91,89.98,31.95,4.11,96.72,227.5,4.26,1.04,3.57,-3.01
2023090700,2906,54716,Isiah Pacheco,RB,Offense,0,77.65,25.49,80.51,34.9,6.5,22.76,295.91,2.86,9.41,9.42,10.46
2023090700,2906,55882,Jack Campbell,MLB,Defense,0,90.82,27.4,95.83,26.58,4.72,70.77,315.89,5.01,-0.82,6.9,1.15
2023090700,2936,42460,Blake Bell,TE,Offense,0,91.57,15.68,92.79,15.22,3.6,114.85,82.49,1.22,-0.46,3.47,-1.58
2023090700,2936,44822,Patrick Mahomes,QB,Offense,0,88.35,23.69,87.9,23.56,1.06,251.27,80.84,-0.45,-0.13,-0.53,0.05
2023090700,2936,44888,Alex Anzalone,OLB,Defense,0,97.27,22.28,96.81,21.48,2.79,209.12,278.27,-0.46,-0.8,-1.23,-2.95
2023090700,2936,44906,Cameron Sutton,CB,Defense,0,104.14,24.53,105.22,24.59,1.41,101.02,269.25,1.08,0.06,1.25,0.1
2023090700,2936,46243,Marquez Valdes-Scantling,WR,Offense,0,91.3,42.97,92.25,43.15,3.04,77.76,90.47,0.95,0.18,2.94,0.5
2023090700,2936,46309,Richie James,WR,Offense,0,91.41,31.59,92.82,31.01,3.87,113.34,88.74,1.41,-0.58,3.93,-2.19
2023090700,2936,47888,C.J. Gardner-Johnson,SS,Defense,0,97.05,32.23,96.81,31.39,1.8,150.67,262.37,-0.24,-0.84,1.46,-2.07
2023090700,2936,53953,Jerry Jacobs,CB,Defense,0,100.18,42.87,100.33,42.78,0.99,88.44,274.82,0.15,-0.09,1.34,0.26
2023090700,2936,54519,Skyy Moore,WR,Offense,1,92.46,35.88,93.22,35.87,2.41,90.53,100.57,0.76,-0.01,2.52,-0.84
2023090700,2936,54562,Kerby Joseph,FS,Defense,0,97.05,15.58,97.3,15.0,1.69,141.18,269.57,0.25,-0.58,1.61,-1.72
2023090700,2936,54716,Isiah Pacheco,RB,Offense,0,88.2,26.68,88.24,25.32,3.91,179.26,124.27,0.04,-1.36,-0.15,-4.25
2023090700,2936,55882,Jack Campbell,MLB,Defense,0,97.48,26.06,97.11,25.66,2.79,223.43,256.05,-0.37,-0.4,-2.78,-2.83
2023090700,2936,55910,Brian Branch,SS,Defense,0,95.29,36.34,95.59,36.39,1.34,83.98,263.43,0.3,0.05,1.87,-0.48
2023090700,2959,41325,Jerick McKinnon,RB,Offense,0,88.39,26.83,89.49,29.55,5.69,25.24,44.47,1.1,2.72,3.51,6.73
2023090700,2959,44822,Patrick Mahomes,QB,Offense,0,88.18,23.64,86.72,24.12,2.63,283.56,117.72,-1.46,0.48,-1.6,0.37
2023090700,2959,44888,Alex Anzalone,OLB,Defense,0,94.32,43.3,94.67,43.58,1.46,57.38,265.79,0.35,0.28,3.51,0.62
2023090700,2959,44906,Cameron Sutton,CB,Defense,0,94.51,14.29,94.72,14.49,1.28,42.17,332.9,0.21,0.2,2.03,-0.19
2023090700,2959,46309,Richie James,WR,Offense,0,92.13,14.62,93.58,15.38,3.63,43.37,59.36,1.45,0.76,2.94,5.51
2023090700,2959,47888,C.J. Gardner-Johnson,SS,Defense,0,105.67,29.19,107.19,30.84,3.34,32.89,278.5,1.52,1.65,2.57,2.07
2023090700,2959,53449,Kadarius Toney,WR,Offense,1,91.32,35.82,93.44,35.2,4.72,112.98,110.63,2.12,-0.62,3.77,-5.18
2023090700,2959,53591,Noah Gray,TE,Offense,0,91.07,43.23,93.0,43.04,3.36,107.66,93.7,1.93,-0.19,5.09,-1.74
2023090700,2959,53953,Jerry Jacobs,CB,Defense,0,95.95,36.17,96.99,35.48,3.03,122.61,250.84,1.04,-0.69,3.18,-2.17
2023090700,2959,54519,Skyy Moore,WR,Offense,0,92.0,30.62,94.58,30.36,5.17,101.51,120.27,2.58,-0.26,6.97,-2.48
2023090700,2959,54562,Kerby Joseph,FS,Defense,0,102.89,18.69,104.45,17.31,3.02,123.11,272.13,1.56,-1.38,3.25,0.04
2023090700,2959,54653,Malcolm Rodriguez,ILB,Defense,0,97.22,24.62,98.09,25.12,2.77,53.65,327.74,0.87,0.5,2.89,1.22
2023090700,2959,55910,Brian Branch,SS,Defense,0,97.65,28.82,98.81,28.67,2.5,86.75,338.28,1.16,-0.15,2.89,-0.06
2023090700,3032,38696,Marvin Jones,WR,Offense,0,85.79,10.53,84.92,10.15,2.26,240.99,231.34,-0.87,-0.38,-1.07,-0.98
2023090700,3032,43290,Jared Goff,QB,Offense,0,89.65,29.7,90.29,29.66,1.54,94.77,295.2,0.64,-0.04,0.76,0.08
2023090700,3032,43584,Kalif Raymond,WR,Offense,0,87.22,17.83,87.7,16.6,3.28,161.6,271.31,0.48,-1.23,0.52,-3.59
2023090700,3032,46137,Justin Reid,SS,Defense,0,76.66,37.75,77.68,39.84,1.54,346.59,126.15,1.02,2.09,0.18,2.33
2023090700,3032,47856,David Montgomery,RB,Offense,0,90.45,31.93,89.72,30.8,3.56,216.78,258.23,-0.73,-1.13,-3.0,-1.5
2023090700,3032,52471,Willie Gay Jr.,ILB,Defense,0,81.69,31.81,82.44,30.97,1.95,147.75,72.95,0.75,-0.84,0.03,-0.03
2023090700,3032,53487,Nick Bolton,MLB,Defense,0,82.05,26.35,82.35,25.68,1.04,144.35,72.21,0.3,-0.67,-0.37,0.19
2023090700,3032,53541,Amon-Ra St. Brown,WR,Offense,1,85.96,38.13,84.4,38.71,4.41,292.62,270.45,-1.56,0.58,-3.67,3.0
2023090700,3032,54486,Trent McDuffie,CB,Defense,0,80.9,16.82,80.68,16.29,1.63,192.2,78.08,-0.22,-0.53,-0.15,-2.25
2023090700,3032,54527,Bryan Cook,FS,Defense,0,68.02,22.64,66.79,24.61,2.31,307.88,92.38,-1.23,1.97,-1.73,1.64
2023090700,3032,54600,Joshua Williams,CB,Defense,0,83.61,10.79,83.55,10.57,1.16,189.88,100.22,-0.06,-0.22,-0.29,-1.81
2023090700,3032,55899,Sam LaPorta,TE,Offense,0,87.38,24.73,87.36,25.46,2.92,356.06,291.03,-0.02,0.73,-1.27,3.5
2023090700,3089,43290,Jared Goff,QB,Offense,0,102.03,29.51,103.86,29.45,2.1,90.9,345.57,1.83,-0.06,1.01,-0.11
2023090700,3089,43584,Kalif Raymond,WR,Offense,1,98.37,38.21,93.65,38.48,6.86,271.94,245.86,-4.72,0.27,-9.06,-2.87
2023090700,3089,44930,Josh Reynolds,WR,Offense,0,98.44,20.31,96.54,19.69,3.62,263.9,265.87,-1.9,-0.62,-4.68,-2.67
2023090700,3089,46137,Justin Reid,SS,Defense,0,96.39,36.24,96.07,35.98,1.47,236.68,133.54,-0.32,-0.26,-2.33,-0.43
2023090700,3089,47856,David Montgomery,RB,Offense,0,102.12,27.21,103.27,26.41,3.74,131.01,239.45,1.15,-0.8,1.19,-6.68
2023090700,3089,47882,Mike Edwards,FS,Defense,0,94.62,31.19,90.68,32.08,2.84,275.73,94.7,-3.94,0.89,-2.73,0.23
2023090700,3089,52546,L'Jarius Sneed,CB,Defense,0,87.38,42.67,86.63,42.45,2.51,278.13,152.67,-0.75,-0.22,-5.22,0.48
2023090700,3089,53487,Nick Bolton,MLB,Defense,0,92.86,26.73,92.68,26.38,1.71,216.43,91.83,-0.18,-0.35,-3.47,-2.86
2023090700,3089,53541,Amon-Ra St. Brown,WR,Offense,0,98.84,35.6,96.36,35.44,3.12,248.19,337.42,-2.48,-0.16,-1.91,1.0
2023090700,3089,54486,Trent McDuffie,CB,Defense,0,96.09,19.54,95.1,18.35,3.35,221.21,82.74,-0.99,-1.19,-3.5,-3.59
2023090700,3089,54527,Bryan Cook,FS,Defense,0,77.01,25.91,75.89,25.93,1.81,297.66,82.98,-1.12,0.02,-2.9,1.99
2023090700,3089,54600,Joshua Williams,CB,Defense,0,92.88,9.67,90.13,9.86,4.54,273.63,352.39,-2.75,0.19,-7.73,0.3
2023090700,3089,55899,Sam LaPorta,TE,Offense,0,99.56,9.31,95.6,8.98,6.18,267.83,257.0,-3.96,-0.33,-10.72,-0.29
2023090700,3114,43290,Jared Goff,QB,Offense,0,78.84,23.71,84.03,26.54,4.98,36.14,3.79,5.19,2.83,0.95,8.53
2023090700,3114,44930,Josh Reynolds,WR,Offense,0,78.13,16.23,72.54,17.65,6.58,299.37,320.67,-5.59,1.42,-5.73,9.4
2023090700,3114,46137,Justin Reid,SS,Defense,0,75.41,17.4,76.12,15.68,2.9,202.14,77.35,0.71,-1.72,-6.03,-0.95
2023090700,3114,52471,Willie Gay Jr.,ILB,Defense,0,73.7,21.03,73.61,21.67,3.71,321.23,358.54,-0.09,0.64,-6.32,6.71
2023090700,3114,52546,L'Jarius Sneed,CB,Defense,0,74.49,31.62,75.04,32.89,3.2,338.57,199.86,0.55,1.27,-7.2,5.21
2023090700,3114,53487,Nick Bolton,MLB,Defense,0,73.87,24.58,74.45,27.13,4.35,351.38,21.99,0.58,2.55,-1.59,7.58
2023090700,3114,53541,Amon-Ra St. Brown,WR,Offense,1,79.37,19.21,79.54,24.13,6.02,351.79,357.1,0.17,4.92,-3.13,8.91
2023090700,3114,53959,Brock Wright,TE,Offense,0,78.34,27.85,77.47,24.05,2.23,213.79,261.44,-0.87,-3.8,-1.65,3.22
2023090700,3114,54486,Trent McDuffie,CB,Defense,0,72.79,13.55,68.68,14.22,5.17,297.13,16.22,-4.11,0.67,-8.37,6.48
2023090700,3114,54527,Bryan Cook,FS,Defense,0,61.53,25.53,59.52,27.21,3.22,322.17,81.9,-2.01,1.68,-2.73,6.18
2023090700,3114,54568,Leo Chenal,OLB,Defense,0,76.12,31.22,78.19,30.74,3.49,8.61,57.68,2.07,-0.48,-1.09,9.97
2023090700,3114,55876,Jahmyr Gibbs,RB,Offense,0,84.99,23.76,80.7,29.84,7.42,331.42,339.45,-4.29,6.08,-3.17,11.88
2023090700,3114,55899,Sam LaPorta,TE,Offense,0,78.39,29.34,72.66,27.76,6.79,269.87,260.75,-5.73,-1.58,-10.4,4.16
2023090700,3185,44822,Patrick Mahomes,QB,Offense,0,41.0,23.82,38.03,24.27,1.17,263.05,169.97,-2.97,0.45,1.09,0.53
2023090700,3185,44834,Charles Harris,DE,Defense,0,46.7,29.92,47.84,30.08,1.63,146.54,266.53,1.14,0.16,0.68,-1.78
2023090700,3185,44906,Cameron Sutton,CB,Defense,0,47.43,13.83,54.08,13.11,5.52,101.0,58.5,6.65,-0.72,11.03,2.5
2023090700,3185,46243,Marquez Valdes-Scantling,WR,Offense,0,44.85,14.87,52.13,14.25,7.6,96.89,101.66,7.28,-0.62,11.41,3.23
2023090700,3185,46309,Richie James,WR,Offense,0,44.56,44.47,46.34,44.91,0.57,110.7,173.94,1.78,0.44,0.77,-0.1
2023090700,3185,47888,C.J. Gardner-Johnson,SS,Defense,0,57.12,21.72,63.47,22.69,4.57,84.46,282.5,6.35,0.97,7.12,-1.24
2023090700,3185,52440,Clyde Edwards-Helaire,RB,Offense,0,40.82,21.12,42.54,15.12,6.4,136.14,126.98,1.72,-6.0,11.73,-6.75
2023090700,3185,53542,Derrick Barnes,MLB,Defense,0,49.86,26.23,49.55,21.16,5.36,166.53,232.1,-0.31,-5.07,5.02,-10.74
2023090700,3185,53591,Noah Gray,TE,Offense,1,43.55,30.16,47.4,29.42,3.88,153.57,114.28,3.85,-0.74,1.57,-5.96
2023090700,3185,53953,Jerry Jacobs,CB,Defense,0,46.97,44.32,47.3,44.58,0.78,107.93,267.86,0.33,0.26,1.25,-0.39
2023090700,3185,54519,Skyy Moore,WR,Offense,0,44.92,37.63,50.63,36.21,6.07,116.48,119.78,5.71,-1.42,6.62,-9.77
2023090700,3185,54562,Kerby Joseph,FS,Defense,0,53.14,31.26,51.7,30.76,3.43,167.76,221.24,-1.44,-0.5,-0.4,-6.56
2023090700,3185,55910,Brian Branch,SS,Defense,0,48.49,38.09,51.32,36.96,4.93,118.23,191.66,2.83,-1.13,5.83,-9.88
2023090700,3233,44822,Patrick Mahomes,QB,Offense,0,54.52,29.96,57.38,29.44,3.02,92.37,326.27,2.86,-0.52,1.85,-0.19
2023090700,3233,44888,Alex Anzalone,OLB,Defense,0,45.36,31.01,44.53,33.75,3.17,324.9,112.75,-0.83,2.74,-2.57,3.49
2023090700,3233,44906,Cameron Sutton,CB,Defense,0,45.68,37.74,44.56,38.93,2.52,303.79,170.24,-1.12,1.19,-5.24,2.14
2023090700,3233,46213,Justin Watson,WR,Offense,0,50.62,21.36,45.12,22.69,7.05,283.96,291.15,-5.5,1.33,-11.25,-0.36
2023090700,3233,46243,Marquez Valdes-Scantling,WR,Offense,0,51.05,35.96,50.22,35.49,2.81,279.34,274.75,-0.83,-0.47,-6.82,2.23
2023090700,3233,47864,Will Harris,SS,Defense,0,45.67,19.87,44.09,21.23,3.69,303.66,46.62,-1.58,1.36,-5.26,0.63
2023090700,3233,47888,C.J. Gardner-Johnson,SS,Defense,0,36.78,32.18,35.05,31.11,3.6,243.68,136.91,-1.73,-1.07,-6.83,-2.65
2023090700,3233,52440,Clyde Edwards-Helaire,RB,Offense,1,54.91,27.43,54.11,25.0,3.48,217.89,236.81,-0.8,-2.43,-3.61,-6.19
2023090700,3233,53591,Noah Gray,TE,Offense,0,51.43,19.75,47.74,21.31,5.63,296.38,281.01,-3.69,1.56,-8.53,3.35
2023090700,3233,53953,Jerry Jacobs,CB,Defense,0,47.93,8.56,43.87,9.16,5.54,281.93,343.08,-4.06,0.6,-8.91,2.62
2023090700,3233,54519,Skyy Moore,WR,Offense,0,51.05,8.6,47.72,9.97,6.13,288.96,271.87,-3.33,1.37,-10.27,1.92
2023090700,3233,54562,Kerby Joseph,FS,Defense,0,39.76,21.02,39.34,18.85,3.28,200.11,97.3,-0.42,-2.17,-2.16,-4.57
2023090700,3233,55882,Jack Campbell,MLB,Defense,0,45.19,26.87,43.21,28.7,3.42,271.02,152.51,-1.98,1.83,-5.07,-0.04
2023090700,3324,41325,Jerick McKinnon,RB,Offense,1,35.84,26.3,33.4,33.98,5.44,307.04,276.68,-2.44,7.68,-3.6,5.64
2023090700,3324,44822,Patrick Mahomes,QB,Offense,0,36.38,23.93,40.36,23.23,1.06,284.72,334.9,3.98,-0.7,0.7,0.7
2023090700,3324,44888,Alex Anzalone,OLB,Defense,0,27.27,21.55,28.19,23.08,1.75,11.23,96.23,0.92,1.53,9.39,0.68
2023090700,3324,44906,Cameron Sutton,CB,Defense,0,27.82,42.82,20.11,42.55,5.54,254.99,224.98,-7.71,-0.27,-5.09,-14.15
2023090700,3324,46243,Marquez Valdes-Scantling,WR,Offense,0,32.93,43.25,21.5,41.91,6.63,236.98,224.56,-11.43,-1.34,-5.15,-14.8
2023090700,3324,47864,Will Harris,SS,Defense,0,29.53,34.55,21.64,29.38,7.05,258.11,249.85,-7.89,-5.17,-10.21,-4.01
2023090700,3324,47888,C.J. Gardner-Johnson,SS,Defense,0,27.58,16.52,23.43,18.34,3.37,219.01,86.88,-4.15,1.82,-8.03,-11.26
2023090700,3324,53591,Noah Gray,TE,Offense,0,33.23,16.85,23.97,17.7,3.78,206.01,251.31,-9.26,0.85,-9.11,-11.66
2023090700,3324,53953,Jerry Jacobs,CB,Defense,0,30.1,12.89,29.09,13.43,4.45,182.13,127.9,-1.01,0.54,-9.02,-10.29
2023090700,3324,54562,Kerby Joseph,FS,Defense,0,20.52,27.17,14.32,24.55,3.5,232.93,90.61,-6.2,-2.62,-3.85,-4.61
2023090700,3324,54653,Malcolm Rodriguez,ILB,Defense,0,28.29,25.86,33.97,33.45,4.79,319.23,309.5,5.68,7.59,-6.47,5.79
2023090700,3324,55920,Rashee Rice,WR,Offense,0,33.14,34.14,20.85,28.46,7.63,255.92,238.87,-12.29,-5.68,-8.38,-3.41
2023090700,3461,43290,Jared Goff,QB,Offense,0,28.36,23.92,25.33,23.85,3.69,262.6,159.49,-3.03,-0.07,-2.04,0.87
2023090700,3461,43584,Kalif Raymond,WR,Offense,0,32.39,15.48,35.45,14.19,5.76,102.23,100.98,3.06,-1.29,11.08,-1.48
2023090700,3461,44930,Josh Reynolds,WR,Offense,1,31.22,36.68,36.21,38.12,7.0,73.91,96.41,4.99,1.44,10.87,1.92
2023090700,3461,46137,Justin Reid,SS,Defense,0,40.25,12.48,39.95,11.3,2.58,149.08,306.91,-0.3,-1.18,4.74,-3.46
2023090700,3461,53487,Nick Bolton,MLB,Defense,0,33.96,24.3,35.97,22.43,3.85,140.27,158.67,2.01,-1.87,1.99,-7.08
2023090700,3461,53541,Amon-Ra St. Brown,WR,Offense,0,32.2,32.86,36.64,31.28,5.86,114.56,71.85,4.44,-1.58,10.48,-1.58
2023090700,3461,54486,Trent McDuffie,CB,Defense,0,35.93,33.1,36.91,32.98,2.69,69.5,260.19,0.98,-0.12,5.46,2.58
2023090700,3461,54495,George Karlaftis,DE,Defense,0,33.77,29.08,33.75,30.62,3.09,50.77,19.9,-0.02,1.54,7.55,-0.02
2023090700,3461,54527,Bryan Cook,FS,Defense,0,44.8,24.9,44.56,21.32,4.1,162.45,215.87,-0.24,-3.58,5.87,-5.72
2023090700,3461,54600,Joshua Williams,CB,Defense,0,40.9,39.3,43.25,39.93,4.14,74.65,236.31,2.35,0.63,6.8,1.71
2023090700,3461,55876,Jahmyr Gibbs,RB,Offense,0,31.54,18.29,32.04,17.1,2.5,179.97,168.4,0.5,-1.19,0.52,-6.04
2023090700,3461,55899,Sam LaPorta,TE,Offense,0,31.47,29.32,33.1,31.44,4.83,47.95,52.45,1.63,2.12,7.41,1.64
2023090700,3486,43290,Jared Goff,QB,Offense,0,49.34,30.11,44.44,28.88,4.55,240.46,228.12,-4.9,-1.23,-2.02,-7.73
2023090700,3486,44930,Josh Reynolds,WR,Offense,0,49.86,37.45,54.88,33.09,7.22,143.61,151.61,5.02,-4.36,4.08,-12.16
2023090700,3486,46137,Justin Reid,SS,Defense,0,60.42,33.56,61.12,30.36,4.28,171.34,256.5,0.7,-3.2,-0.54,-9.99
2023090700,3486,46424,Jason Cabinda,FB,Offense,0,46.1,29.96,47.98,30.9,3.76,356.02,37.88,1.88,0.94,-1.79,8.45
2023090700,3486,47856,David Montgomery,RB,Offense,0,42.91,30.01,44.49,30.82,3.8,35.69,69.91,1.58,0.81,1.85,7.27
2023090700,3486,52471,Willie Gay Jr.,ILB,Defense,0,54.63,32.96,51.96,33.61,2.52,305.88,255.43,-2.67,0.65,0.04,1.72
2023090700,3486,52546,L'Jarius Sneed,CB,Defense,0,53.14,19.24,57.88,16.65,4.46,105.61,42.48,4.74,-2.59,6.8,-2.88
2023090700,3486,53487,Nick Bolton,MLB,Defense,0,54.71,29.09,52.64,32.48,4.23,338.7,278.84,-2.07,3.39,0.78,4.97
2023090700,3486,53541,Amon-Ra St. Brown,WR,Offense,0,49.86,21.09,56.06,22.55,7.03,83.14,80.28,6.2,1.46,11.86,-2.22
2023090700,3486,53959,Brock Wright,TE,Offense,1,49.27,25.69,49.77,25.57,2.05,190.1,53.9,0.5,-0.12,0.86,-4.56
2023090700,3486,54486,Trent McDuffie,CB,Defense,0,52.4,38.45,54.53,36.48,2.88,120.56,122.5,2.13,-1.97,7.22,-1.43
2023090700,3486,54527,Bryan Cook,FS,Defense,0,62.81,24.41,65.1,24.5,3.55,85.54,280.97,2.29,0.09,7.08,-1.18
2023090700,3486,54568,Leo Chenal,OLB,Defense,0,54.15,27.08,52.41,29.71,3.09,340.7,277.12,-1.74,2.63,1.11,-2.13
2023090700,3566,43290,Jared Goff,QB,Offense,0,61.45,26.66,55.89,25.66,3.63,255.97,163.84,-5.56,-1.0,-1.08,-0.25
2023090700,3566,44930,Josh Reynolds,WR,Offense,1,62.02,16.42,66.84,19.05,6.52,78.46,95.96,4.82,2.63,12.54,-0.36
2023090700,3566,46137,Justin Reid,SS,Defense,0,76.16,21.97,81.69,23.73,4.68,92.41,270.58,5.53,1.76,8.09,-0.42
2023090700,3566,46424,Jason Cabinda,FB,Offense,0,58.07,26.73,63.46,21.83,5.69,152.58,142.98,5.39,-4.9,1.87,-11.46
2023090700,3566,52471,Willie Gay Jr.,ILB,Defense,0,66.75,22.96,65.54,21.09,3.56,190.47,233.91,-1.21,-1.87,0.43,-10.18
2023090700,3566,52546,L'Jarius Sneed,CB,Defense,0,63.65,16.31,66.54,18.0,5.81,70.61,18.58,2.89,1.69,13.0,-0.59
2023090700,3566,53487,Nick Bolton,MLB,Defense,0,67.07,25.84,63.99,24.5,2.73,252.76,248.54,-3.08,-1.34,-0.95,-1.94
2023090700,3566,53541,Amon-Ra St. Brown,WR,Offense,0,62.05,35.17,68.8,33.14,5.83,107.61,82.58,6.75,-2.03,8.04,0.8
2023090700,3566,54486,Trent McDuffie,CB,Defense,0,64.49,35.75,69.25,33.65,6.25,108.59,216.62,4.76,-2.1,8.08,2.05
2023090700,3566,54527,Bryan Cook,FS,Defense,0,73.08,33.37,66.17,31.35,2.97,254.5,230.22,-6.91,-2.02,4.28,2.36
2023090700,3566,54568,Leo Chenal,OLB,Defense,0,66.36,28.8,64.93,25.42,2.03,171.77,245.79,-1.43,-3.38,2.55,-1.07
2023090700,3674,42460,Blake Bell,TE,Offense,0,87.71,28.78,87.86,29.84,3.22,7.5,285.61,0.15,1.06,0.24,3.2
2023090700,3674,44822,Patrick Mahomes,QB,Offense,0,89.75,23.77,90.37,23.61,1.89,105.73,283.08,0.62,-0.16,1.21,-0.65
2023090700,3674,44834,Charles Harris,DE,Defense,0,84.14,17.65,84.49,17.79,0.81,73.77,37.81,0.35,0.14,-0.5,-0.39
2023090700,3674,44888,Alex Anzalone,OLB,Defense,0,81.31,27.93,81.38,28.35,1.88,9.26,97.65,0.07,0.42,0.08,2.51
2023090700,3674,44906,Cameron Sutton,CB,Defense,0,82.08,33.81,82.01,34.58,1.89,353.18,140.32,-0.07,0.77,-0.76,1.81
2023090700,3674,47888,C.J. Gardner-Johnson,SS,Defense,0,82.59,31.24,82.61,32.04,2.38,2.24,101.99,0.02,0.8,-0.05,2.4
2023090700,3674,53542,Derrick Barnes,MLB,Defense,0,80.9,24.28,80.92,24.27,0.05,168.83,90.67,0.02,-0.01,-0.29,-0.4
2023090700,3674,53591,Noah Gray,TE,Offense,0,86.81,31.56,86.3,31.51,1.86,264.66,265.41,-0.51,-0.05,-2.09,-0.53
2023090700,3674,53724,Matt Bushman,TE,Offense,0,86.05,30.32,85.29,30.57,2.77,288.87,271.79,-0.76,0.25,-2.8,1.24
2023090700,3674,53953,Jerry Jacobs,CB,Defense,0,81.39,9.69,79.61,9.58,2.67,268.06,19.42,-1.78,-0.11,-2.21,-0.11
2023090700,3674,54562,Kerby Joseph,FS,Defense,0,70.94,24.27,70.71,23.67,1.32,223.89,121.81,-0.23,-0.6,-1.06,-0.91
2023090700,3674,54716,Isiah Pacheco,RB,Offense,0,90.01,26.51,90.29,27.44,2.89,17.2,308.76,0.28,0.93,0.86,3.08
2023090700,3674,54885,Justyn Ross,WR,Offense,1,85.88,9.71,85.03,9.55,3.17,257.88,273.12,-0.85,-0.16,-3.35,-0.75
2023090700,3912,44822,Patrick Mahomes,QB,Offense,0,66.65,29.91,72.59,28.55,4.99,68.46,38.65,5.94,-1.36,1.96,4.21
2023090700,3912,44888,Alex Anzalone,OLB,Defense,0,60.28,34.84,62.3,34.12,0.69,83.1,107.15,2.02,-0.72,-1.36,3.34
2023090700,3912,44906,Cameron Sutton,CB,Defense,0,59.93,39.94,53.99,40.27,5.61,269.03,206.69,-5.94,0.33,-10.85,1.55
2023090700,3912,46213,Justin Watson,WR,Offense,0,65.66,19.91,57.52,21.11,7.73,271.45,263.86,-8.14,1.2,-15.37,1.44
2023090700,3912,46243,Marquez Valdes-Scantling,WR,Offense,0,65.74,38.14,57.86,37.17,7.71,260.76,275.11,-7.88,-0.97,-13.02,2.04
2023090700,3912,47888,C.J. Gardner-Johnson,SS,Defense,0,51.72,32.66,47.47,29.77,5.34,251.48,170.23,-4.25,-2.89,-11.56,-0.33
2023090700,3912,53449,Kadarius Toney,WR,Offense,1,67.57,18.05,59.26,19.79,7.6,286.38,285.03,-8.31,1.74,-9.67,9.01
2023090700,3912,53953,Jerry Jacobs,CB,Defense,0,61.84,16.13,56.35,16.31,6.94,273.84,309.82,-5.49,0.18,-14.58,2.6
2023090700,3912,54562,Kerby Joseph,FS,Defense,0,55.19,19.86,55.1,18.31,2.2,204.31,62.19,-0.09,-1.55,-2.89,-6.04
2023090700,3912,54716,Isiah Pacheco,RB,Offense,0,72.52,30.24,70.49,24.47,6.18,187.13,202.33,-2.03,-5.77,-0.74,-11.64
2023090700,3912,55882,Jack Campbell,MLB,Defense,0,59.98,30.41,62.7,25.76,2.27,169.78,81.47,2.72,-4.65,-6.18,1.69
2023090700,3912,55910,Brian Branch,SS,Defense,0,60.9,22.57,63.76,21.05,3.89,166.43,90.42,2.86,-1.52,-2.37,-7.59
2023090700,3971,44822,Patrick Mahomes,QB,Offense,0,80.3,29.75,82.68,29.0,3.18,100.29,313.41,2.38,-0.75,1.57,-0.61
2023090700,3971,44888,Alex Anzalone,OLB,Defense,0,71.65,31.59,70.72,34.74,5.07,343.52,25.34,-0.93,3.15,-1.63,6.04
2023090700,3971,44906,Cameron Sutton,CB,Defense,0,73.73,38.04,69.64,39.67,5.21,284.64,199.72,-4.09,1.63,-7.16,0.29
2023090700,3971,46213,Justin Watson,WR,Offense,0,76.66,9.56,74.44,10.95,4.52,303.52,328.05,-2.22,1.39,-3.48,-0.28
2023090700,3971,46243,Marquez Valdes-Scantling,WR,Offense,0,75.97,18.55,71.76,19.13,6.52,269.44,253.68,-4.21,0.58,-9.51,-2.63
2023090700,3971,47888,C.J. Gardner-Johnson,SS,Defense,0,60.66,30.65,61.22,29.56,1.1,149.11,108.8,0.56,-1.09,1.43,0.37
2023090700,3971,53591,Noah Gray,TE,Offense,0,75.76,37.38,72.0,37.28,5.57,270.38,275.66,-3.76,-0.1,-6.06,-1.77
2023090700,3971,53953,Jerry Jacobs,CB,Defense,0,69.19,10.15,65.64,11.25,4.59,288.76,356.48,-3.55,1.1,-6.58,1.59
2023090700,3971,54519,Skyy Moore,WR,Offense,1,77.04,20.97,73.63,22.28,6.3,293.41,296.21,-3.41,1.31,-5.45,4.84
2023090700,3971,54562,Kerby Joseph,FS,Defense,0,67.95,19.82,62.58,20.17,6.31,276.89,344.17,-5.37,0.35,-8.88,0.37
2023090700,3971,54653,Malcolm Rodriguez,ILB,Defense,0,70.85,27.56,68.19,25.64,5.15,233.4,142.61,-2.66,-1.92,-4.68,-2.94
2023090700,3971,54716,Isiah Pacheco,RB,Offense,0,79.99,32.27,80.82,34.25,2.22,10.61,314.21,0.83,1.98,-1.3,3.71
2023090700,3971,55910,Brian Branch,SS,Defense,0,71.96,18.19,70.47,15.17,5.02,205.89,118.8,-1.49,-3.02,-3.26,-4.09
2023090700,3994,44822,Patrick Mahomes,QB,Offense,0,79.84,29.95,83.37,29.9,3.92,72.73,322.98,3.53,-0.05,3.78,1.78
2023090700,3994,44906,Cameron Sutton,CB,Defense,0,66.15,19.84,63.05,21.8,4.54,306.65,49.36,-3.1,1.96,-4.04,4.61
2023090700,3994,46309,Richie James,WR,Offense,0,76.68,16.85,71.89,19.37,7.06,296.78,286.67,-4.79,2.52,-11.86,3.84
2023090700,3994,47888,C.J. Gardner-Johnson,SS,Defense,0,71.52,36.11,70.53,36.82,2.15,310.84,124.31,-0.99,0.71,-4.9,2.2
2023090700,3994,53591,Noah Gray,TE,Offense,0,75.94,35.98,77.66,36.45,1.24,48.17,275.03,1.72,0.47,-4.25,2.06
2023090700,3994,53953,Jerry Jacobs,CB,Defense,0,66.3,9.78,64.0,10.18,3.57,281.0,155.26,-2.3,0.4,-5.39,1.45
2023090700,3994,54519,Skyy Moore,WR,Offense,0,76.0,7.69,70.66,8.09,6.77,270.16,271.28,-5.34,0.4,-9.14,2.97
2023090700,3994,54562,Kerby Joseph,FS,Defense,0,60.63,24.89,57.29,26.26,2.87,313.39,92.35,-3.34,1.37,-4.7,2.17
2023090700,3994,55910,Brian Branch,SS,Defense,0,71.63,15.99,69.49,17.74,5.0,313.22,18.73,-2.14,1.75,-8.84,4.87
2023090700,3994,55920,Rashee Rice,WR,Offense,1,76.14,20.69,71.01,22.78,6.27,294.54,310.73,-5.13,2.09,-8.38,4.96
2023090700,4041,41325,Jerick McKinnon,RB,Offense,0,84.27,32.59,81.96,40.03,4.83,335.21,200.52,-2.31,7.44,-10.23,6.97
2023090700,4041,44822,Patrick Mahomes,QB,Offense,0,85.38,29.96,90.93,31.92,1.9,262.34,272.59,5.55,1.96,-2.19,-16.37
2023090700,4041,44888,Alex Anzalone,OLB,Defense,0,69.92,27.58,59.33,25.99,5.35,259.4,193.6,-10.59,-1.59,-12.87,7.18
2023090700,4041,44906,Cameron Sutton,CB,Defense,0,68.85,42.21,65.85,42.67,1.93,325.73,158.27,-3.0,0.46,-12.25,0.42
2023090700,4041,46213,Justin Watson,WR,Offense,1,81.27,39.24,63.55,34.42,7.77,266.83,278.09,-17.72,-4.82,-9.88,8.16
2023090700,4041,46243,Marquez Valdes-Scantling,WR,Offense,0,80.77,19.78,62.1,23.15,8.48,282.43,285.42,-18.67,3.37,-16.41,9.38
2023090700,4041,47888,C.J. Gardner-Johnson,SS,Defense,0,56.12,32.78,48.74,32.28,4.31,258.44,150.97,-7.38,-0.5,-10.86,0.52
2023090700,4041,53591,Noah Gray,TE,Offense,0,81.69,24.23,78.75,12.56,5.52,202.83,95.19,-2.94,-11.67,-8.92,-10.42
2023090700,4041,53953,Jerry Jacobs,CB,Defense,0,70.98,10.12,60.84,10.13,5.45,262.92,6.92,-10.14,0.01,-7.64,-0.93
2023090700,4041,54519,Skyy Moore,WR,Offense,0,81.21,14.44,62.74,13.2,8.6,255.55,256.57,-18.47,-1.24,-7.87,8.05
2023090700,4041,54562,Kerby Joseph,FS,Defense,0,55.57,17.15,52.35,16.06,2.83,269.7,65.0,-3.22,-1.09,-9.32,1.08
2023090700,4041,54653,Malcolm Rodriguez,ILB,Defense,0,65.48,33.8,61.69,32.11,2.56,251.93,90.95,-3.79,-1.69,-3.1,-10.26
2023090700,4041,55910,Brian Branch,SS,Defense,0,71.08,19.21,62.09,21.4,4.51,288.4,83.93,-8.99,2.19,-4.1,-8.23
2023091000,185,40488,Adam Thielen,WR,Offense,0,67.92,35.09,65.78,33.99,4.5,248.07,252.38,-2.14,-1.1,-4.21,-0.36
2023091000,185,46094,Hayden Hurst,TE,Offense,0,67.49,19.08,64.85,18.27,4.79,262.13,261.93,-2.64,-0.81,-6.96,-0.42
2023091000,185,46123,Jessie Bates,SS,Defense,0,55.2,30.85,53.46,28.79,3.53,216.34,106.28,-1.74,-2.06,-2.07,-3.4
2023091000,185,46215,Tre Flowers,CB,Defense,0,63.52,14.15,62.78,13.45,2.08,254.6,358.91,-0.74,-0.7,-4.62,-0.67
2023091000,185,48027,Kaden Elliss,ILB,Defense,0,61.57,24.44,61.54,23.94,1.57,186.76,91.2,-0.03,-0.5,-1.23,-1.58
2023091000,185,52272,Dee Alford,CB,Defense,0,61.08,35.68,61.04,34.81,2.2,191.03,109.85,-0.04,-0.87,-1.37,-1.15
2023091000,185,52424,A.J. Terrell,CB,Defense,0,57.07,35.13,56.38,34.91,2.39,251.43,103.51,-0.69,-0.22,-2.89,-1.47
2023091000,185,52450,Laviska Shenault Jr.,WR,Offense,0,71.66,21.32,70.44,19.01,5.62,210.27,224.04,-1.22,-2.31,-3.56,-6.71
2023091000,185,53469,Richie Grant,SS,Defense,0,63.91,17.33,64.81,17.0,1.44,194.09,149.1,0.9,-0.33,-2.25,-1.51
2023091000,185,53488,Terrace Marshall Jr.,WR,Offense,1,66.67,33.89,63.56,33.29,5.7,255.06,277.31,-3.11,-0.6,-6.26,-2.05
2023091000,185,55865,Bryce Young,QB,Offense,0,71.36,23.76,72.08,23.76,1.88,90.17,285.51,0.72,0.0,1.55,0.04
2023091000,185,55904,Jonathan Mingo,WR,Offense,0,67.82,16.72,65.86,16.33,3.39,252.56,315.51,-1.96,-0.39,-2.16,-0.09